Window number,actuosus,yatensis,YPW6,AgN23,albidoflavus
1,-0.054738905221896,0.018781362007169,0.049352161886738,0.0253037884203,0.041463414634146
2,-0.101226957358029,0.086235236545914,0.101894294729111,0.075499072667371,0.146006381246078
3,-0.077546500867301,0.106279128279637,0.09683627628222,0.141358270244964,0.306250867028699
4,-0.051145796848528,0.07632830127919,0.20695703533915,0.354764171132961,0.169545289856196
5,-0.051004892240947,0.125694035651802,0.165173482998975,0.37773913431411,0.132869828114771
6,-0.09762268170007,0.263822056744522,0.259551877245269,0.489818112246747,0.120848897553323
7,-0.001022880874917,0.303554131641767,0.191083682315863,0.469997234255262,0.171723729316445
8,0.097836944745472,0.437104620241115,0.238059519026053,0.408603744820653,0.260929324460282
9,0.248710422776176,0.709126462459825,0.366955131734072,0.489750620665933,0.336612853716655
10,0.258954055112832,0.652635182090172,0.526538826443525,0.605497041933827,0.319779680047571
11,0.298069701371335,0.637229019625186,0.575326439648316,0.657353091806312,0.354394016378996
12,0.334291490170444,0.609695334798004,0.571791829928139,0.615668013002365,0.41616903661099
13,0.225635873227534,0.663563529640411,0.579735092339487,0.635969637132295,0.452555141238204
14,0.23911901929495,0.629201780846728,0.580693340114983,0.683365775224747,0.512505292097446
15,0.228925193020721,0.58013290706606,0.586173177124959,0.699886972232228,0.555725173242773
16,0.205607991084954,0.68094273672258,0.583382479450541,0.673928626322177,0.582637542326691
17,0.241755893954711,0.643818399657171,0.575004509391483,0.651514833218729,0.638786913183139
18,0.300384212538782,0.700961256800028,0.661488766231851,0.673099651413716,0.60829747750515
19,0.338133202648825,0.693263362827624,0.665884370627456,0.765116068731338,0.585626076248663
20,0.342357364856653,0.703966284435955,0.681748703231395,0.771370614185884,0.628021486910479
21,0.349766805032285,0.717114459941938,0.712263820812581,0.747386993244088,0.718832297721289
22,0.293533457675673,0.682500760511531,0.743591794197666,0.794449255740434,0.774917241908602
23,0.308597515116191,0.677317961800227,0.74094739614617,0.798960971647871,0.865971767971794
24,0.303529716184538,0.669513222194721,0.77062303451746,0.830398724896439,0.918603346919162
25,0.299205542659639,0.675948228629727,0.741152929671895,0.84460986178739,1.06477187705279
26,0.315862798447329,0.68986530604347,0.726400413471702,0.872395764098007,1.11479254675101
27,0.381909834076114,0.738328494034893,0.744346709518119,0.895958982488812,1.19010690810111
28,0.398622162843237,0.717203743820791,0.736568931740342,0.941587980356616,1.23038806517059
29,0.402864670028129,0.723786457043458,0.779512038961348,0.916598813810321,1.22022684040429
30,0.440901479844079,0.763908628360965,0.877119957575591,0.845808630805639,1.24633017732572
31,0.482382548886396,0.721824460024291,0.905761528770353,0.842712655573441,1.34274303237306
32,0.553553329888272,0.77533616570991,0.90747728513295,0.824842748496958,1.40415482883682
33,0.555364167052223,0.786094786399565,0.940748012259325,0.79555167732107,1.50528454164476
34,0.618437090844807,0.848594786399565,0.943885374147198,0.757315962012463,1.53166084355197
35,0.678988566527224,0.877450233037698,1.01461708146427,0.681282426308503,1.53905232319181
36,0.758392693901831,0.830564099362339,1.02038502244348,0.680026320237323,1.63035964694266
37,0.809526769864789,0.805451232545183,1.06239280663352,0.688460916377423,1.75048864452396
38,0.830583805145782,0.809217165337767,1.12900650018405,0.642093938712736,1.73976223583421
39,0.907113731171336,0.81149053845513,1.16564329512342,0.658274233425247,1.74185867189291
40,0.971102024373412,0.82837818674543,1.14941220846593,0.686075651864963,1.76345359073553
41,1.06412210359756,0.840305187751321,1.2081866978365,0.698510585352528,1.81812298405523
42,1.09947845103631,0.805429742911464,1.14833560963489,0.714365624990127,1.82369179869326
43,1.12367087167678,0.874048989773388,1.20075053828473,0.68163533911801,1.84724350416159
44,1.1973110390408,0.892677148618154,1.22151225972018,0.693573151444495,2.01154155171106
45,1.29594043973954,0.879697464645242,1.24560372562463,0.701051633171601,1.9573139871707
46,1.37325114123801,0.85425109883616,1.27849309773661,0.682697906808976,2.05793510518312
47,1.36329614328356,0.863991804008337,1.33930867555515,0.704789629404054,2.21018845475681
48,1.4832420526818,0.87211732936558,1.37373468021844,0.709507919717682,2.32151335855011
49,1.50066742077582,0.929176070428247,1.45124042889962,0.732450277044897,2.37717554664991
50,1.56090516620122,1.05585993399947,1.46471978863004,0.71741162630702,2.35416184801978
51,1.59796180992806,1.09817246018296,1.47572073932948,0.696811598655976,2.47377783141365
52,1.57877490532589,1.1400289522103,1.48011105231631,0.715350613597868,2.51369267973723
53,1.52962635209316,1.19223123606022,1.48684459635918,0.73658613483339,2.63027680502166
54,1.58595696541245,1.11279397586411,1.52162347141285,0.72777864147396,2.57810407651056
55,1.56593789963552,1.12966278947069,1.54959646300718,0.721825436434503,2.53998844481891
56,1.55122785720271,1.1839005478283,1.68782809438949,0.737889132481437,2.6054317048378
57,1.60564962591019,1.2037352585721,1.73842455675066,0.745955891869476,2.69704495270105
58,1.67480799448201,1.22065039618678,1.74805167539473,0.746232900179725,2.77647027121555
59,1.69303432745263,1.2688464854184,1.68788054649603,0.766719631927284,2.82052432526961
60,1.75622040509654,1.23955778248953,1.63870491925588,0.760344909089147,2.85775188720273
61,1.80625376066692,1.18371740560162,1.66750187876473,0.741922341443781,2.91388551261347
62,1.87293864724795,1.19482543115008,1.74199335759925,0.725741111670319,3.0088787467136
63,1.98777313846168,1.25056037429202,1.73232271989778,0.7590556232457,3.09869283417105
64,2.06128443209618,1.24235066667283,1.77264530054294,0.815457434690739,3.06824538910883
65,2.08275182340053,1.26301354283425,1.77872097024744,0.798769733106108,3.01143625717361
66,2.13654676348042,1.20973368033067,1.82359188009143,0.8258044110962,3.14059844836587
67,2.15162214036484,1.16970043472879,1.90255377959447,0.836664895640895,3.22512241685299
68,2.23234921868615,1.20956661816899,1.95596541270409,0.836380804731804,3.22813611548313
69,2.26596154763527,1.20165030490916,2.00020592770203,0.865196467216294,3.25386225656196
70,2.36752708004567,1.16955963168781,2.07661880596651,0.833769082473112,3.2550136670398
71,2.43565718311085,1.11224356665612,2.14837200800479,0.842516222831072,3.21230461382625
72,2.50992915746298,1.04507835408168,2.18022968280827,0.851111441740554,3.21475594764024
73,2.47659132509694,0.988812017584227,2.22254220899176,0.882656332546701,3.22730944264737
74,2.50518587594668,0.959838507650452,2.31592742299954,0.910575463340264,3.24294070517242
75,2.46501733662084,0.88987169349116,2.39469454628722,0.929966045057716,3.32174356074628
76,2.47108939167414,0.750529697361771,2.41250625112182,0.932487053461077,3.38288970826479
77,2.5222646771006,0.611507374671746,2.50133458899648,0.963997580520566,3.46004064403967
78,2.52870244534094,0.565133355131358,2.51284128995763,0.948444827262894,3.5012171146279
79,2.58694690801526,0.445034981036536,2.60515748675144,0.927563820397906,3.60713073589036
80,2.67151849529481,0.356533038310964,2.61369082008477,0.951868438275302,3.64454524574687
81,2.71472070371441,0.380956937855603,2.63256922097317,0.978910457412731,3.6348730265099
82,2.80903920357447,0.404058371737706,2.70916191961311,1.03294554513203,3.7731638731616
83,2.88010803401655,0.443779626093107,2.84402898119184,1.07472674359272,3.83571399345029
84,2.82401519068966,0.508110389933331,2.9236233693013,1.05374009873036,3.76216242517197
85,2.83093000604938,0.489216058232841,2.98717861981605,1.11771881915595,3.7606524732159
86,2.8397143642245,0.485329179798315,3.01235702293979,1.09479458096753,3.66300039210598
87,2.87461047503963,0.518238471833713,3.03498748087376,1.08805490110232,3.49118404789575
88,2.87595673244405,0.487819178876739,3.05961668212564,1.08030749575223,3.52911856397826
89,2.9471848495094,0.526061652432475,3.0590737939606,1.06837767119082,3.60977236890859
90,2.98972367462756,0.569910449683334,3.07636248770374,1.05721072535051,3.63138230948125
91,3.04480491946369,0.603572190241626,3.05796094966474,1.03307231318363,3.76103190516858
92,3.10081787667789,0.628107909368643,3.02863375012477,1.08482705850659,3.82922029002845
93,3.10095233949892,0.643388045192072,3.08517132939882,1.10122050112954,3.84372112661518
94,3.09357077997671,0.601387492553222,3.06952947395114,1.10859697990477,3.95781694494805
95,3.04475440977476,0.569488899434403,3.14817815868876,1.13482465847619,4.07986097865286
96,3.06618489463948,0.55411819419028,3.2127254980115,1.1132965875602,4.20142747307766
97,3.09789451547337,0.600297413541572,3.26040942171722,1.07694078931332,4.21186249137283
98,3.12219619145103,0.507935550052948,3.29021164333737,1.03658454105282,4.30861917477627
99,3.1761236636844,0.539794929344351,3.32665439558105,1.01107785416463,4.37866550892727
100,3.20309179225972,0.608467979959946,3.35748263822915,0.87632209897092,4.41756340195806
101,3.23563889991554,0.704690172930856,3.42290847015245,0.676728544028257,4.57951848782332
102,3.26701248283144,0.668252925967293,3.48604887447258,0.4427107779004,4.69264679022137
103,3.30561838095476,0.712912032785157,3.54538474817971,0.358609232020383,4.70552578136706
104,3.31704535977305,0.717366375769567,3.56245329328944,0.242085015496166,4.7415973980074
105,3.31279354246403,0.712655454998689,3.64249295896446,-0.007517068138619,4.77122197138624
106,3.39005502170517,0.601918612893426,3.58817266625408,-0.017761803482956,4.8636729654082
107,3.41305760779473,0.506859461884379,3.6331087662953,0.003477649528391,4.90445643736957
108,3.43797930192519,0.532953737978655,3.67348101208701,-0.051821889642116,4.93070878132885
109,3.50606040841102,0.546712681291808,3.72284827672336,-0.052519336984842,4.99343544351824
110,3.52621718332704,0.447656077518224,3.72583578351315,-0.053221288409803,5.15011617488251
111,3.61970926829524,0.369898392165601,3.81899840950062,-0.020356119870477,5.0932359680454
112,3.64291368818475,0.285958290503285,3.8519531143106,-0.024294235200997,5.10686365951446
113,3.67665224849071,0.338818144122152,3.92708510293928,-0.059882925593458,5.13392038249208
114,3.72142031753063,0.28818002143792,3.9602565116832,-0.031303569322648,5.12053657824711
115,3.74657327470262,0.289898726679971,3.97120592263261,0.011571073388663,5.0819903227405
116,3.79554303654367,0.332209002032557,4.00777968198,0.012303888865726,5.05819367590438
117,3.85806782173865,0.381625238796065,4.0528710834695,0.054177167102641,4.99230477228513
118,3.8602393743988,0.399751284529472,4.1134449410678,0.058598981386441,4.85654686001416
119,3.87153342801153,0.480149240969376,4.18191493261472,0.035145408488347,4.85570816837312
120,3.89343715975842,0.470695311238883,4.19430686345045,0.063216559127591,4.93273574614788
121,3.90690239746109,0.502813484433083,4.20584849576702,0.114526903955178,4.96936477396391
122,3.88226118435521,0.512264746952479,4.28808445384281,0.106753052365072,5.07868187295809
123,3.80010583096123,0.534654895287212,4.27193929024801,0.114239985547724,5.16233519166352
124,3.71365529064536,0.538053365975402,4.26078267395088,0.112043470684641,5.25191218917527
125,3.6196966014079,0.534986736480002,4.2636324500399,0.106734244109809,5.27199251046041
126,3.72636710169542,0.611801987391132,4.30487712932949,0.141988860785802,5.32699994389736
127,3.82791993940326,0.624546252471846,4.35157691641253,0.128928099854513,5.39544048703273
128,3.95341712771762,0.631282981116416,4.34930547972883,0.101166060194457,5.52015764396073
129,4.0252181706378,0.644182588519669,4.32096884045425,0.05103558361157,5.60047514698777
130,4.01612969162149,0.656711215759329,4.27568892826983,0.012330446384265,5.64952034550405
131,4.07904766623593,0.689489145286781,4.29765205191408,-0.049351796606389,5.56492164702248
132,4.13778989152965,0.721543939807329,4.33352834057388,-0.103257187145443,5.66365113352328
133,4.15449567642541,0.74913014670388,4.45971521273571,0.049266537239098,5.62272659239479
134,4.21510173703147,0.776157173730907,4.51637511807715,0.097701185561434,5.63531400498221
135,4.24501568321368,0.751187542201686,4.54048151874216,0.10260795690589,5.54302576225149
136,4.27617950009179,0.735383138581532,4.54589142302847,0.165671019968953,5.63974569496806
137,4.35644658348431,0.728787365260762,4.61141533787502,0.186248288302056,5.64121608662692
138,4.38764026156556,0.725336114182246,4.65485818338141,0.215624218991104,5.62773264638606
139,4.46530329735562,0.754918715830227,4.67122084432561,0.225252829720128,5.67136266383806
140,4.55593093597088,0.810709302821237,4.69546888990664,0.258400462032105,5.77539604353208
141,4.58097267219792,0.840056532662158,4.78306214771266,0.255644881982505,5.83953406539432
142,4.62778813218704,0.802400774754449,4.68556911150096,0.282088188088001,5.92000992263715
143,4.68600731026923,0.798451550494929,4.64728427229729,0.251051741618753,5.92664342180796
144,4.71941729268503,0.834105677389931,4.69878093849107,0.279786591135299,5.87023740884423
145,4.82625026448546,0.826201087180529,4.73490550596512,0.302252344559957,5.85356836767028
146,4.92736765998829,0.851098488001323,4.75945632203973,0.294476726676036,5.85593506682105
147,4.94540750920746,0.849668282051666,4.85542901828547,0.301917411780627,5.93731775598817
148,5.04158777851221,0.880270453818694,4.89864315607368,0.257512929832916,6.00721243523862
149,5.08417301745511,0.881518200941944,4.91006193997319,0.245891614640172,6.05400478570654
150,5.14236827967612,0.912336775757172,4.94095049623935,0.259642465559165,6.12861954645269
151,5.2439141218936,0.922872083274256,4.95781727725707,0.340233653512316,6.16258077290669
152,5.30490127537569,0.950998435502729,5.05044798948433,0.317037048137493,6.17070174742364
153,5.38417380071235,0.961483546644907,5.10891711176284,0.370839865038901,6.15639198311387
154,5.40315313432686,0.95948240313433,5.123695436886,0.364931029923538,6.19678499621431
155,5.4064544117777,0.925812369464296,5.11549757666646,0.33642348380839,6.25735706576002
156,5.56363940967066,0.979232920023031,5.06922852076916,0.355554393893113,6.35073567356987
157,5.54698685533818,0.97801125584494,5.08804265987977,0.32643905234776,6.35292445605961
158,5.61411680669328,0.9578844292665,4.98670652416441,0.369103516977543,6.47295756864239
159,5.64294465548306,1.03156574038067,4.99131481909528,0.428591261400566,6.59929764192234
160,5.70419126794918,1.01034854328408,5.07264909872623,0.410894632187083,6.69205285597284
161,5.75754471740742,1.02741148034702,5.10335593534268,0.435011289506208,6.81165328793828
162,5.77863943683386,1.05064855220732,5.04247209350385,0.411140871773898,6.86409196851341
163,5.90135625458518,1.04023759330321,5.11176300749684,0.373026811920708,6.84418259050984
164,5.94554919449356,1.07034158892445,5.18564127779642,0.386947266466162,6.84940417305101
165,5.94460541668582,1.07146047004333,5.2765758834658,0.353773243413028,6.84612279487218
166,5.97662612795439,1.10862075845154,5.32531259477327,0.32948692044754,6.8393806157999
167,5.97973381610464,1.12767100693304,5.43434155559099,0.330590368723402,6.76487617287441
168,6.01784733406461,1.14837779876076,5.42316837123345,0.281775470303537,6.79781353788521
169,5.98989875944191,1.14851970311723,5.45201183244879,0.305383997989902,6.79863231517778
170,6.004872021474,1.16254118283083,5.37502355726868,0.287327248204863,6.83362671607364
171,6.06798485119365,1.16678369001572,5.3870229789833,0.313317519226406,6.89246653332409
172,6.0921996014358,1.15361539925986,5.35823906492188,0.268167504661885,6.93247727446265
173,6.07252878650203,1.15880692444577,5.45063867587088,0.281034637529018,6.9650933253491
174,5.96122494146012,1.14490621522592,5.46509949394002,0.272121981557538,6.9569278381417
175,6.02997494146011,1.14309990704195,5.49782367583547,0.253140962576519,6.97887049466598
176,6.12656351523734,1.11656663170485,5.54629764351949,0.2576416658114,7.00665979371202
177,6.17304940344985,1.10011975068544,5.57481968327749,0.254088005541321,7.03486599073856
178,6.21881211531426,1.11030854301388,5.53572619885823,0.168056038897819,7.04268480982726
179,6.20855775388131,0.998911431616765,5.53980898078136,0.164587830805333,7.10426758310939
180,6.30218671073987,1.01938013526553,5.54984715411658,0.105616338351449,7.11148534151876
181,6.32563052642297,1.0414040304721,5.51108746419409,0.114726359374574,7.09055698090701
182,6.40538675323802,1.08105426415218,5.64039780902168,0.134257609374574,7.20814116049012
183,6.44616133390078,1.12031108165293,5.74588069240604,0.135229696584684,7.27009950999213
184,6.46136310283389,1.10236562453833,5.74710902596684,0.111665423972859,7.27192663578271
185,6.46679410130207,1.04090994626023,5.84233374506797,0.072393938486234,7.25438751004067
186,6.51799157728085,0.956737809134041,5.95489314764774,0.110938763085628,7.28656504124733
187,6.62058771777786,0.908463922871328,6.01835893131219,0.075734465050848,7.31594325003227
188,6.66268590204148,0.968040092403515,6.07894436357904,0.039242090323179,7.28720192198469
189,6.61836066206406,0.984420108783532,6.14918228920947,0.004700023532295,7.2387751093992
190,6.65101206431308,0.98802501145116,6.09087865414176,-0.047384812710672,7.28222914839641
191,6.66945497575895,0.900150546401231,6.06403024439372,-0.00059011430656,7.31716186553655
192,6.65317198867304,0.896159903770159,6.13607325514641,0.009647849168813,7.48477275402625
193,6.71596332401716,0.955412922585099,6.09594484423148,-0.002376759332305,7.5311679927656
194,6.75761857203032,0.923821882952704,6.13489895308954,0.00621676687795,7.58053254126059
195,6.8240039447448,0.911325515617626,6.14712457131683,0.00200243816031,7.61602202833705
196,6.846445105117,0.915396833882403,6.1465847602507,-0.010238758756722,7.64308599771923
197,6.87957053824243,0.922440059956149,6.12172442505517,0.043294431821436,7.65899296202882
198,6.95525537303486,0.954114268100946,6.18246313914546,0.069231843718814,7.69262223294622
199,7.03195114200733,0.97676706764504,6.20575157910056,0.04803611210063,7.79825040045756
200,7.07587738929583,0.881962418436246,6.26983628236053,0.050220472083155,7.79251477287319
201,7.10642334644856,0.929981458055454,6.28867284745748,0.100953609913067,7.86419481793727
202,7.21350382475032,0.9448766135146,6.33739291351858,0.133677666516841,7.91513006973583
203,7.08873606713992,0.987032798725381,6.35106505824998,0.1209369257761,7.94751050599108
204,7.1971937785827,1.04965243230482,6.3572565629296,0.076278926906682,8.00939629616372
205,7.32038116419441,1.03277650412877,6.43199476404852,0.045443192036365,8.09287386239991
206,7.3961496733588,1.07503390261466,6.50004292982842,0.014503488481897,8.03409937302934
207,7.38192896801181,1.06494963683209,6.5805404014698,0.016289202767611,8.01967496248842
208,7.39093282680844,1.14166271354517,6.61676550506558,0.083519770071097,7.99190497651367
209,7.45113883290158,1.20085451775689,6.62154366206216,0.077670062556472,8.02232426947064
210,7.62987747239483,1.19857920490138,6.66071101347274,0.08491536789434,8.02343971843886
211,7.73484361234968,1.17460660216165,6.68987099207092,0.10881975036446,8.10178966306787
212,7.75060351367899,1.11653848379202,6.68443545200123,0.126748867807128,8.15321511662127
213,7.80201920603003,1.01186454032715,6.67235300708296,0.175833505642098,8.17379012684065
214,7.76732229770007,1.01672632668637,6.71162143096677,0.239245551277545,8.1831051953338
215,7.82969545424181,1.05432241333906,6.6956961152062,0.303460845708666,8.18461060110908
216,7.88229804306032,1.08001275541901,6.72161584764767,0.292651533070086,8.2605976211199
217,7.94529790274883,1.09503273612729,6.77527853930014,0.270502971973204,8.257107688234
218,7.89013602974619,1.08360416469872,6.90894390475983,0.290037048083753,8.30727306860886
219,7.86258198142063,1.08388657079869,6.90402886473736,0.296797611464035,8.40174092235359
220,7.89646360661393,1.09816828460435,6.9075653174033,0.210621918856489,8.35993601193554
221,7.95625290747588,1.13018282395847,6.90179767115227,0.167530853070795,8.53781423581217
222,7.99931125757649,1.16104367939972,6.94708985575007,0.065111615058337,8.57773767032133
223,8.03338977447943,1.16647630163372,7.0199357000681,-0.103067624873597,8.50453206551721
224,8.07237640361384,1.1728776375647,7.0999357000681,-0.224731013465899,8.44182396340845
225,8.12733655750227,1.19155382542518,7.14886203874709,-0.217893914773865,8.27888766664839
226,8.22256807097843,1.23929251889252,7.17822626288502,-0.233201539148313,8.50850519761341
227,8.21461717127136,1.20864956403615,7.19221803243234,-0.237950423879929,8.67016923131536
228,8.28230519355548,1.16058296897708,7.24325100547927,-0.259412140817284,8.7153926725784
229,8.3794254645888,1.2194397884451,7.28184460525952,-0.241852617007761,8.69899019153085
230,8.40904074275099,1.25863351744846,7.38479942174289,-0.181172657174164,8.70577813614122
231,8.50829598987353,1.26996060456915,7.40990902716338,-0.214636368603977,8.72360496126856
232,8.56411562860775,1.29322289736759,7.50722398667467,-0.262063790276872,8.7245716785728
233,8.54507334353354,1.3555299419929,7.57154116729141,-0.271598606803887,8.7558937124711
234,8.58850483472622,1.32093078587476,7.56550607957211,-0.264482182095661,8.73806106500882
235,8.54677862723837,1.36366825570296,7.55907251313855,-0.287804545810069,8.72162687083675
236,8.56569413795716,1.38147492613823,7.60851860878837,-0.320184942542858,8.72607131528119
237,8.61611086155328,1.33586681803012,7.58987992316087,-0.329671465656847,8.8276072674356
238,8.63397291156702,1.3483988218032,7.56492198709806,-0.282654128013591,8.83212576503515
239,8.72209001834084,1.42282523478585,7.61106280832001,-0.281447491512836,8.97666776477306
240,8.78046457664473,1.43024716448757,7.56855784940814,-0.25291021375996,9.12286813290348
241,8.85126574779192,1.47130861700154,7.49554453758886,-0.256488866319475,9.10118463121998
242,8.80760197307993,1.50811169307954,7.49777419199242,-0.299180831928725,9.07159121897088
243,8.84329106886213,1.48663800886901,7.47006088141222,-0.393988612599578,8.97244107732782
244,8.88559041810291,1.4886538669526,7.44554548802567,-0.364636680021839,9.01196567655392
245,8.95049393989484,1.50400921414652,7.46916537267275,-0.351280117884789,9.03426743866845
246,8.97293645676115,1.54887488985905,7.46902776430616,-0.328291612137663,9.17066842469968
247,9.04426852917401,1.55717245781327,7.47049815596503,-0.336719394758994,9.1853623022507
248,9.09792844705593,1.53242067484585,7.50527834516926,-0.359169871648209,9.25393059627154
249,9.18125022717516,1.57419107595235,7.55582720002764,-0.382949244097906,9.23571912576325
250,9.25748219014821,1.62567270916279,7.58888723705488,-0.438913898000704,9.1996491392222
251,9.32840027700912,1.63652985201993,7.61178586872202,-0.503812926827589,9.26472327431281
252,9.33430412856942,1.64723531455081,7.62618139632509,-0.548836968791744,9.3166819250201
253,9.39350844414596,1.6871579557996,7.68286210857193,-0.571839390099251,9.34115086828442
254,9.40655901510844,1.73555623620454,7.73541952719952,-0.563515624312798,9.32183041525311
255,9.39287893925851,1.74874366605863,7.76667398702541,-0.541066925786424,9.26093343860889
256,9.37881685382471,1.75343472623824,7.81299179000396,-0.492877510744642,9.33986893703018
257,9.41723140520248,1.72857866669604,7.79592130542246,-0.562139620296475,9.34404656351943
258,9.39543228820468,1.65639926935897,7.82795665477347,-0.577971138088777,9.3670880381738
259,9.52146420895317,1.6753424398475,7.84856946814394,-0.606319720659649,9.38161943398769
260,9.5459032542583,1.69153278195647,7.8676570544442,-0.601434450489404,9.41242641326796
261,9.57654930616333,1.71318270412995,7.84812804812599,-0.6126474983997,9.47539134419251
262,9.60676241649513,1.71812097573489,7.82309366023053,-0.646483241248054,9.46511782851539
263,9.58705449078976,1.74334519098153,7.80366821563409,-0.653301062716264,9.37881793639025
264,9.62986707939197,1.73417864183472,7.77294861961781,-0.646644481778292,9.43582250751152
265,9.69837155906116,1.79049653777526,7.78934669708459,-0.589677915556452,9.44700999908721
266,9.72873888434959,1.89708004435876,7.81759683422118,-0.565287671654013,9.579770009837
267,9.72469030135363,1.98756728333788,7.90645438006039,-0.574464656359038,9.59280238925391
268,9.73535955450591,2.0280930226588,8.01276889943296,-0.54893934258101,9.53555610959175
269,9.83711680828605,1.97994958061447,8.05135325281242,-0.627513838072637,9.46883497669415
270,9.80174703336644,1.95079910865445,8.07788701667596,-0.618033153199282,9.52084343335377
271,9.77548383039755,1.93345645131179,8.06780298306251,-0.584286398079582,9.51166912142717
272,9.75343311374926,1.94946086632283,8.10196964972918,-0.557928454290446,9.58802980379922
273,9.78142364431604,1.9139743123999,8.13961862047674,-0.573507401658867,9.7407948110237
274,9.78688067023691,1.96166134837934,8.1675546117976,-0.551032373911919,9.77810721636585
275,9.81886419803375,1.94780265272717,8.16134007518587,-0.548382813181198,9.74044243293836
276,9.79304616683121,1.96549431237333,8.18649987390748,-0.602959521389191,9.7182502813822
277,9.80023260750918,1.99298950071537,8.16253351090818,-0.591348079871207,9.71237578204976
278,9.79738900561344,1.99063460391526,8.19134800048008,-0.561302806171111,9.66547996536977
279,9.76382822020751,2.00392454153392,8.26475386744056,-0.549868724341658,9.62508560688695
280,9.72265336431951,1.98018075357147,8.25511531322369,-0.539698301032148,9.5994102926318
281,9.74749288427485,1.97791189367357,8.30221827279017,-0.473552613061174,9.56263849811314
282,9.75225212279669,1.96998212873446,8.31672292522586,-0.453546977670923,9.60408234838052
283,9.84068936531248,1.99464402213144,8.32077697927991,-0.481671548942702,9.61053219056524
284,9.79727299520572,2.04047735546477,8.3279653693518,-0.460096724152267,9.63937454536571
285,9.81996060428076,2.02324785856608,8.3212764061411,-0.429194375573775,9.5787517842745
286,9.85773396412172,2.03429526452329,8.30142996256584,-0.482008459329443,9.56542563001417
287,9.90399423217187,2.08334873972019,8.30462387891565,-0.512170196179217,9.56076455663556
288,9.9838886326165,2.09886980402174,8.29401343382815,-0.452886984106999,9.56590664053272
289,9.98652495841087,2.14289668647957,8.32096957545717,-0.462129638266194,9.53999159912208
290,10.05869554343,2.17764137630936,8.3535766378163,-0.403022621965698,9.61264001332647
291,10.0592385789988,2.20827594961352,8.32458289136945,-0.397769649889391,9.62113465195619
292,10.1290493970111,2.21018174868785,8.48430317108973,-0.394543390947043,9.52702831866865
293,10.187857344031,2.19847788369057,8.59090355772326,-0.40105451411579,9.36830706235906
294,10.1074687758203,2.19847788369057,8.56097177434584,-0.390177271567407,9.45262208552253
295,10.1198308654123,2.2166390641673,8.57084597967521,-0.448316806451128,9.41013617874403
296,10.084227150242,2.23772463075688,8.53448731373754,-0.539723168909744,9.38830807506054
297,10.0850623395516,2.23800592470906,8.56663573464109,-0.537443880047868,9.41532064526648
298,10.066362684776,2.22435591105905,8.63499594585845,-0.484602970956959,9.46054543909462
299,10.0624262113132,2.2421325096263,8.67293221292977,-0.454691441677364,9.47109453295451
300,10.1554965881875,2.23197245395477,8.72599455094641,-0.456283567889551,9.48527703228552
301,10.2128874056567,2.22000118500026,8.73206333044742,-0.438454442229873,9.43210004837497
302,10.224397041631,2.20069616569524,8.71505372825263,-0.567711725775216,9.29953788908764
303,10.2382292113056,2.2134609293367,8.70682049839705,-0.560897415724108,9.29105339523158
304,10.2344657704454,2.19413654520925,8.68535431775712,-0.51002279962049,9.23790466812127
305,10.3479807642835,2.24057881193273,8.6543455161322,-0.503597645826915,9.18639095754907
306,10.3526253807508,2.24384539338422,8.61543026189491,-0.519795901399392,9.24383221081278
307,10.4052569596982,2.18163244975166,8.54908424407061,-0.43845208438724,9.26997420310777
308,10.4160354028119,2.15802962826495,8.56384237470739,-0.433475584525476,9.26223084027591
309,10.4974515758385,2.1509845664545,8.57044170130672,-0.434980166661983,9.1560037340488
310,10.5462455874825,2.09234087551509,8.50120563798945,-0.443400317939277,9.08780638540865
311,10.5975345969805,2.10764066876113,8.53626951404272,-0.453541163009699,9.08051303046538
312,10.5348589364971,2.07837786628505,8.53360781587929,-0.464037616910409,9.00783203499026
313,10.5711182113116,2.13184213251527,8.46024236508783,-0.461349064483636,9.0818961341015
314,10.5463417855676,2.12028222499453,8.42829261085517,-0.464995628298503,9.09934507228626
315,10.5484547592258,2.08042868323985,8.39273393200766,-0.517322890513016,9.11649101531313
316,10.5857870297187,2.0807053849554,8.35426716566268,-0.47151500600441,9.04618815112237
317,10.6090116236239,2.14565149953282,8.32176027861034,-0.450304161784716,9.02243064156475
318,10.6036291873633,2.11654691799822,8.35219870363128,-0.581902242343099,8.85794861196644
319,10.5780234604911,2.12707323378769,8.33380360898986,-0.38881706180497,8.83193209849082
320,10.5329605985049,2.17944572113898,8.31320309734316,-0.269139911791054,8.90128332891588
321,10.5156773532542,2.16187318333759,8.28793233922042,-0.228487218022591,8.88065357864443
322,10.4690134724909,2.16343991172386,8.24346408312612,-0.242988054609317,8.89937089215943
323,10.5164136448552,2.14778487189964,8.15465365401151,-0.243415587743135,8.87522434761322
324,10.5744223028638,2.11364546933918,8.18040953307086,-0.216819843062284,8.92919260158148
325,10.6331029989383,2.17577194605913,8.07338801551707,-0.22104519517496,8.96239787051671
326,10.6608957674218,2.19472278374108,8.06214589870873,-0.264633853659937,9.03218407463127
327,10.6731673790935,2.1900873012295,8.08740876911704,-0.301999637482414,9.14308607758866
328,10.6968822522943,2.19296835487197,8.05791438709456,-0.27693946475128,9.10391526052041
329,10.70369064468,2.139031072642,8.0867792219544,-0.233961090812052,9.06601036734329
330,10.7425415338729,2.06090161726704,7.98167746561206,-0.231333515096383,8.93333710001656
331,10.7540100653414,1.98756721880083,7.90457768097458,-0.248157478986412,8.97648292197178
332,10.7956491929026,1.99753492903528,7.88072229499147,-0.256257521618215,8.94010436617309
333,10.7990225568211,2.00305064883672,7.88920457308902,-0.239632417711316,8.94469088458866
334,10.7509092169417,1.97685457040535,7.95081452661923,-0.257585000964707,8.95596908007738
335,10.6919016810395,1.97156676257939,7.97273846397941,-0.211104654230288,8.93358846710518
336,10.5180831041791,1.9530353427661,7.95601605595265,-0.193908341119819,8.90434055624167
337,10.4868725114931,1.94905237339376,7.95108566152109,-0.226299227751716,8.90947176867386
338,10.5802131228468,1.98855044839732,7.92032069478052,-0.248347790408707,8.9078253085631
339,10.6661109018139,2.04412159630639,7.95514515684167,-0.302182696696092,8.88303192013335
340,10.7234286536225,2.06694260263028,7.96417741490619,-0.282826021489716,8.86426132262654
341,10.7600475963538,2.10640711246155,7.95444045806852,-0.297772439989434,8.79670502571245
342,10.8066327275892,2.05909111910239,7.9327073081373,-0.311676474885835,8.80833794255864
343,10.8115914052751,2.05027129549886,7.89323178853902,-0.257919167028998,8.74623401353455
344,10.8507095663183,2.01075594371585,7.90219359744568,-0.275748733223018,8.79459894895637
345,10.8451088942376,1.98809305419744,7.93492968797512,-0.265158718094424,8.77178742913887
346,10.842743512298,1.99979620716453,7.8886295061315,-0.255852457519128,8.82607764544026
347,10.8767647058284,1.98184506665974,7.90405158405358,-0.249436836877566,8.9242122764216
348,10.9284840236925,1.98451323124336,7.8212472392941,-0.254324422410313,8.92592844803876
349,10.98921156638,1.97525780922375,7.8302263800594,-0.215857618851107,8.9317747732058
350,10.9967534658213,1.98058998965321,7.83009144550266,-0.24438134224056,8.93287852596519
351,11.0339653514087,1.92203270535335,7.81231860462512,-0.249508126222824,9.0057752099882
352,10.8931202809861,1.94014709702358,7.77439445292852,-0.210260374791917,9.02639936195564
353,11.0151488071351,1.95005361299958,7.72245758061862,-0.208328807462999,8.98595419366031
354,11.0157115533366,2.00302904262605,7.6416334918706,-0.237257233376349,8.93312194965159
355,11.0706505860808,2.01767654433721,7.64954660280931,-0.251142186620894,8.96859280790726
356,11.0924737905007,2.01366270350676,7.65588972126336,-0.284505044607313,8.85720530099737
357,11.1280644289164,1.97444428061772,7.66791432976448,-0.293944245051511,8.92200234896785
358,11.1279274238472,2.00867548151558,7.64715860863622,-0.305640956211549,9.12928453362324
359,11.1434198123694,2.00953804620794,7.5925632725594,-0.342461039893557,9.16019581423344
360,11.149903465287,1.96548641882298,7.55451529902755,-0.35417867350316,9.14363418445182
361,11.1800556091321,1.89583253400321,7.54873495220675,-0.316539665804272,9.14217560802241
362,11.1774624605038,1.88933535886197,7.51759591915567,-0.328408677673284,9.08303868740441
363,11.155358375445,1.92251458105398,7.45664976203107,-0.340607259233568,9.12512622949195
364,11.1582516295945,1.86297700879964,7.44592073864731,-0.368600607348867,9.15389914909703
365,11.1978917757851,1.85245652153497,7.44863223539351,-0.377191906953395,9.14419825984884
366,11.2040284183598,1.81695356295509,7.38533759747201,-0.411605153893639,9.16895007983561
367,11.2268153262455,1.75370521811778,7.37124163650697,-0.370374027296659,9.16282513087685
368,11.2352438199921,1.69099430698168,7.30569264653858,-0.345006122601494,9.17659631731753
369,11.2438468515365,1.66447281061093,7.37608206608303,-0.330304319550177,9.20791560778316
370,11.2728149465839,1.64863150905535,7.38786501181947,-0.332966502540229,9.25218091679179
371,11.3731978787502,1.61758437385919,7.33914494575836,-0.277733551831248,9.32707441686049
372,11.4379866111446,1.60954294003065,7.30486565382242,-0.253910988852059,9.31303794827857
373,11.4567496410264,1.60443314856538,7.31923707840733,-0.28645373568052,9.28401706409089
374,11.4452455933059,1.59276221204389,7.31951316896503,-0.309274742004413,9.31858462796573
375,11.4819539434471,1.61687243018396,7.27602258956285,-0.294274041037078,9.35775931080415
376,11.5192916057848,1.62826323316525,7.25020794715912,-0.315453205318704,9.38304603182115
377,11.4858725826485,1.62448635925474,7.21254861923328,-0.338073894973876,9.36614308743729
378,11.4783259501553,1.61963938515143,7.16814623169507,-0.357987556023869,9.28625104965052
379,11.469539569046,1.60815149587807,7.07362313717197,-0.362437103892392,9.20230488619832
380,11.3998932844285,1.60017612159515,7.03717166593789,-0.394455400061632,9.2339156613495
381,11.3073357742797,1.56954698252231,7.0812956128178,-0.367458307440837,9.23506343753314
382,11.35340319001,1.5748960816214,7.10684305807328,-0.327119802504307,9.17437488669247
383,11.3069861377032,1.53015366807165,7.13311376052902,-0.38503058111334,9.16524736991395
384,11.2417593558457,1.47898184724236,7.17970371281642,-0.406355899561887,9.20818685118196
385,11.2731276630388,1.45927950847553,7.17914660975235,-0.434370181352604,9.24605953450186
386,11.2844473759046,1.46592498666103,7.18812375882743,-0.441452334327108,9.25644470605438
387,11.294788348515,1.46066407382156,7.21925428859259,-0.444950305503826,9.21585330820492
388,11.2708411974002,1.41678789616341,7.21854757481167,-0.454524330757052,9.13922082034739
389,11.2787431047572,1.40038526052623,7.2199644067754,-0.423198340197761,9.15404692537718
390,11.1806020440683,1.39583074871297,7.20760501224686,-0.408739115212221,9.2036601555719
391,11.124295737762,1.44443897472045,7.23892897159532,-0.389999762571675,9.30826266603215
392,11.0540842218983,1.45285580838778,7.24189393116405,-0.365246578997487,9.42886969478614
393,10.9180909653656,1.45327045938985,7.24543134613004,-0.353455761963225,9.54175150089504
394,10.7325031411693,1.43392441034353,7.24099765003975,-0.354411915494163,9.58672960889557
395,10.8087582293646,1.4350209015716,7.23156243409291,-0.38444367986032,9.66025710008011
396,10.8389003087698,1.42340585732382,7.25410867413611,-0.38526717697808,9.72866782604479
397,10.8952109883814,1.40599189873339,7.26848632715542,-0.445367343922988,9.77030659964233
398,10.8496088423981,1.41223003271766,7.17004776639506,-0.435474749236724,9.71293725932257
399,10.9059835171596,1.3792164886996,7.18592078226808,-0.409504349906928,9.62723806481577
400,10.9829498092944,1.39176760983907,7.15997212155379,-0.425492721999952,9.586126797803
401,11.0892146784459,1.40754413321438,7.14389321329815,-0.423612517863502,9.59550052419887
402,11.1705735137299,1.4175370959167,7.10182927611363,-0.406087725036441,9.52571442794218
403,11.2333419770803,1.39507165812868,7.12334682990752,-0.373046592197601,9.3831393327511
404,11.2371452913971,1.3733918304187,7.13539832264923,-0.411487159264122,9.47326039088889
405,11.2062174563455,1.38263541849317,7.15053754946729,-0.544754958730489,9.50707158915776
406,11.2300006421863,1.38461170307815,7.09942703301024,-0.640900892072966,9.54563832876389
407,11.1991141600362,1.36559604312289,7.15232296771437,-0.625250595256992,9.5600872072557
408,11.1889484449548,1.34960927355288,7.32011008256031,-0.58459351106808,9.52744211796998
409,11.2097367818878,1.32665008987941,7.42902097364942,-0.645465423606885,9.47408243417552
410,11.1774439939438,1.33031619253029,7.51273656997969,-0.697494843383512,9.38920464744439
411,11.209838360141,1.31090807140159,7.58301275264308,-0.709069540557133,9.32047332443434
412,11.1926420470305,1.32194559899541,7.651400558191,-0.732173644933322,9.31752098364986
413,11.1476723151193,1.39642282615095,7.64256303269814,-0.762460431317669,9.36316529202726
414,11.1050048949441,1.36919074377729,7.60597431192785,-0.910010465824225,9.31851491292027
415,11.093043517224,1.39273994478654,7.6510984375622,-0.8141741920063,9.23698276517745
416,11.0878170363877,1.38676855192444,7.65096094271825,-0.826554217044553,9.16438256549124
417,11.041311963107,1.3526417954002,7.61838582336975,-0.863231825150733,9.07526529110014
418,11.0468256021087,1.32206520832973,7.64975138973053,-0.875933409280888,9.05908406132668
419,11.0900796840337,1.3096076771859,7.66481988288121,-0.897778407193786,9.04524683472349
420,11.1327935969577,1.3513150282809,7.7572067699037,-0.872850040431609,9.08319019463551
421,11.1227991494286,1.34821119080911,7.75789123260048,-0.863761635033647,9.10114769977601
422,11.1018182229981,1.32019657448755,7.75189668219176,-0.864594043468719,8.9063319849117
423,11.1237372243045,1.29400976591733,7.71492934787263,-0.907071434534764,8.9074366521307
424,11.1700624518551,1.22762262405849,7.70856168452823,-0.897571574238592,8.88573282812361
425,11.1200355556744,1.13678952291611,7.63046061255273,-0.914133856771647,8.95561705186472
426,11.1181156434418,1.25456254218806,7.67541372893442,-0.93574542110541,8.96010764967555
427,11.1289610272015,1.27947457596708,7.63747704771171,-0.935012175761518,8.94652505875982
428,11.1633295572222,1.32420998240462,7.58900801022716,-0.930914394215665,8.92766278331072
429,11.1572150491622,1.31895119469358,7.55404297526212,-0.90796882324448,8.96172105167346
430,11.2393648681541,1.33067371572516,7.4946516359405,-0.916307852636142,8.95392325656725
431,11.2730371248556,1.32051931316569,7.39012956716172,-0.875680225849927,8.9836884122199
432,11.2897150909572,1.29967711835497,7.50449168765881,-0.88286826495286,8.9670671588139
433,11.2864797175412,1.32549081083533,7.57651848832883,-0.883846875326129,8.94428999086659
434,11.2644788873212,1.37660410029059,7.62107979472241,-0.871561199613965,8.98213229167848
435,11.3339961657937,1.33848501292275,7.60881072124899,-0.930103276731894,8.95890901243953
436,11.3081435805352,1.26337497458682,7.59628080431249,-0.963551950318976,8.96376731203468
437,11.3731590604114,1.19353842183793,7.58591739405962,-0.952293858565528,8.93764033220525
438,11.327924811623,1.15822403768634,7.61317510331072,-0.983607956746849,8.90878760418665
439,11.3014240003737,1.15080585586816,7.5755768188218,-1.02733555531316,8.89884404062847
440,11.25716377837,1.16951049015068,7.5606556083909,-1.01874373938189,8.87258787642748
441,11.2702531520505,1.22019034181941,7.49492728545902,-1.03016989257698,8.86697890206851
442,11.3664638859567,1.25022280935188,7.50857199813286,-1.07157625608127,8.74844118552233
443,11.3635255901683,1.22324921805121,7.51999815132795,-1.05523276577656,8.74285459334356
444,11.365969250228,1.20850823812702,7.51392080326165,-1.07008425092507,8.72519634830145
445,11.3926873148299,1.23937329003014,7.46595032355685,-1.04022934021079,8.67113136245812
446,11.448154406125,1.19059280222526,7.41986152863085,-1.02897777749374,8.65565403058577
447,11.4466432095321,1.18727330015057,7.43836996630096,-1.0403698308419,8.59174259147138
448,11.3871114369568,1.1542097797774,7.44440166780187,-1.0808682732095,8.61236689470438
449,11.3216400976468,1.15531079821946,7.49187985150251,-1.10537950752523,8.65003721263118
450,11.311942276143,1.07655119338961,7.54510198948583,-1.07955605561482,8.6893924846258
451,11.3655534964864,1.02036836112189,7.53204569298155,-1.14593721193173,8.59841041344571
452,11.3115208133024,0.970941934270167,7.58165475202711,-1.24955166976306,8.55814105317635
453,11.2790366510164,0.940061046266751,7.63513580797021,-1.21211851468285,8.43961244282213
454,11.300111788463,0.963426178300486,7.55684924962457,-1.22916316885949,8.3940238131627
455,11.2917601401113,0.963158368980721,7.52125672269153,-1.33066534490891,8.41749277580678
456,11.2749361762213,0.960535146559073,7.48251413341812,-1.40820717245074,8.43230559562903
457,11.313634998431,0.9189322524447,7.47205242327724,-1.33316594100489,8.45954830338907
458,11.3872653659098,0.92135870073102,7.45104459683209,-1.31121039757109,8.45302656425864
459,11.3729573902759,0.925389797765285,7.43125857895139,-1.2623376906673,8.44133628781798
460,11.3682026015244,0.912076188297829,7.45659305091268,-1.25628424315512,8.40148656287501
461,11.3302039537894,0.934244790318641,7.59399867891543,-1.24397038290311,8.44404268462132
462,11.2594598726169,0.947803174380622,7.66045883098527,-1.21722488740762,8.3965358137929
463,11.2196863411236,1.00885340918922,7.66763718548554,-1.23367271048986,8.32780085792234
464,11.2369929933681,1.03521210484139,7.67950459784402,-1.28244974993564,8.23569219039324
465,11.1948834817308,1.00228266792051,7.69181917942812,-1.3053590963868,8.13665152021353
466,11.2030226902629,0.941885536094804,7.70652914334708,-1.28009864255491,8.01478081870046
467,11.2019019281447,0.919183431997351,7.66972014856726,-1.32341093149927,7.98222140119806
468,11.160869319449,0.931903169027507,7.64429995131764,-1.3630646595082,8.0348961857103
469,11.03115298786,0.92945958702377,7.56624029143473,-1.45382328019786,7.99388672198791
470,11.0366639310185,0.87227648843222,7.49617659716722,-1.52502383536788,7.97820484016209
471,11.1370981655051,0.894691312102274,7.57018599945063,-1.57771473421263,7.92302680265189
472,11.1413769784796,0.895994338018011,7.64272268708166,-1.52724066840114,7.93013019649562
473,11.1503383417821,0.84794331037804,7.59581177725335,-1.49784155754498,7.99444498618354
474,11.2147441554042,0.847099665833608,7.5255139505831,-1.48871875052743,7.99137407607746
475,11.2483857584065,0.833718009853681,7.48463175585475,-1.49456670374381,8.06752470369252
476,11.1944392930667,0.793272104465657,7.51483262676359,-1.47047031820164,8.04123427010684
477,11.1537888865627,0.736739441149074,7.43245430668809,-1.46506041391533,8.11231403136565
478,11.1190706167846,0.788133645632399,7.41011970913225,-1.48976228785059,8.08601598686127
479,11.0747983422965,0.795586400489998,7.41877167675715,-1.46357248216206,7.98007979087258
480,11.0641511021733,0.817572318006882,7.38558979599162,-1.45355979001708,7.94245657832225
481,11.0147399745166,0.848395681835172,7.39114998503805,-1.46881214719956,7.8575584032363
482,10.9558837835116,0.824314217682152,7.36531768775942,-1.45646304216279,7.79881287877005
483,10.9011974048694,0.777569407627075,7.36037906775095,-1.47538707568536,7.79610725106442
484,10.8653510321809,0.752272412518759,7.3275736378867,-1.52300612330441,7.81718263609549
485,10.9415768253412,0.716262884705952,7.26561948941509,-1.56601538896614,7.78393595392283
486,10.9466599411538,0.650394621232898,7.17309090659137,-1.5472636397358,7.80872934235258
487,10.9069029008446,0.578170813068468,7.10176716136096,-1.54395420785494,7.72948707981256
488,10.756853956641,0.478737207026932,7.25589448393178,-1.59927924243309,7.72789345431455
489,10.7225524352025,0.550988799815329,7.29884956998187,-1.61214409234317,7.59933577522751
490,10.6864009976847,0.483588524712165,7.29513740550443,-1.61282930544445,7.67459541386743
491,10.6681273384959,0.457400662080834,7.29553917328265,-1.6160144598552,7.59557933581329
492,10.6643663690015,0.459264995940005,7.19272284125193,-1.62627012936263,7.48468278408915
493,10.5546771551076,0.426916191439302,7.22159212753902,-1.67267012936263,7.50216020908187
494,10.5010186185222,0.418879452059279,7.18473981387873,-1.73141422119248,7.410712283595
495,10.5025970372337,0.437530815043497,7.13219625987176,-1.78722493796353,7.33413993546572
496,10.4945825203729,0.461729814637927,7.09227256454542,-1.7710573574771,7.40820365821586
497,10.5236834324911,0.468337744153345,7.0198291829165,-1.75936796142923,7.29960150767823
498,10.5589743440594,0.448933535353127,7.03488600109832,-1.78727428592789,7.32479793141163
499,10.5142463386867,0.460509185632304,7.01868229739461,-1.79647093185703,7.32398382014976
500,10.4891705602353,0.415804630562497,6.96420321848419,-1.80717345655516,7.2810007693023
501,10.497943711607,0.375440787469831,6.93827780603445,-1.79303204241374,7.20605774744951
502,10.4785160403022,0.327619621652061,6.80900713248822,-1.78387554962795,7.23187621963476
503,10.4419136373963,0.306131535115005,6.78763220470082,-1.82605432057767,7.1632921488383
504,10.4363452549435,0.276789742886615,6.89497216055071,-1.85011699545176,7.1556817987622
505,10.4308612955248,0.294915788620022,6.89719561802708,-1.93435457397832,7.0913882005282
506,10.4286445788734,0.226293920738473,6.91711709541548,-1.98465248169621,6.99622691020562
507,10.4514183413171,0.263299689698654,6.92103098974033,-2.00617449604422,6.92080640016764
508,10.450472011724,0.32298875133108,6.82765101126886,-1.96132399770535,6.90647192917788
509,10.392334052651,0.362057745512294,6.8120105998274,-1.97176355814491,6.8992935746776
510,10.340698475468,0.359900248209165,6.7744584440555,-2.02048001088703,6.9440335988614
511,10.3449110043442,0.323879189744216,6.76519021885146,-2.04442692375489,6.91742995267639
512,10.3085448728772,0.33359886857222,6.72149251663337,-2.02771082777214,6.90989699599089
513,10.3189909485407,0.361415280255113,6.66400863681446,-2.06492470222798,6.83157721279306
514,10.3193967378008,0.374643538065415,6.59927460923214,-2.04309562532685,6.77914789629567
515,10.2699939147823,0.379792279484179,6.6354982258893,-2.01942533849867,6.78294910705169
516,10.2625394697243,0.34296897637893,6.61346455954196,-2.06340132621332,6.74904370730284
517,10.1822969087315,0.348975401857349,6.60673621639646,-2.03870822617098,6.80855486564503
518,10.1039910391959,0.359171048040871,6.63343997161204,-2.04956184893426,6.79907429414015
519,10.1021912330212,0.385393391662832,6.55815646293599,-2.08205484613314,6.79052956783842
520,10.1108095260431,0.334322551465138,6.59693279461451,-2.06341960360094,6.72101802731238
521,10.1435804087652,0.272687697902556,6.5873009170581,-2.07687508599429,6.59210188279832
522,10.051591458489,0.283554154865667,6.55376672790431,-2.17656057758461,6.55592403137606
523,10.0040119287518,0.235256676592409,6.52291229752457,-2.2062891428582,6.53918651809232
524,9.96838572979315,0.254119125808892,6.52041576493095,-2.22253437523566,6.47117376570125
525,9.89875485730993,0.325464833465505,6.52739880611664,-2.23612604672206,6.40789294006301
526,9.82367564529726,0.362802025940179,6.49423269686357,-2.2439418773317,6.38169450082109
527,9.84911262128134,0.384251301302498,6.51112410921276,-2.24254911967153,6.33836787439587
528,9.78521174421048,0.385087188736323,6.46039748458978,-2.23091806746704,6.27743497062784
529,9.76978147714816,0.371494955726615,6.42006066535849,-2.24338689539722,6.21069697410517
530,9.78085932145954,0.414899451697207,6.40977092801757,-2.24863884713604,6.16921985342013
531,9.79649092264247,0.462479547130063,6.37461414778139,-2.26904701040134,6.12539302284824
532,9.79108551723707,0.452545308988186,6.36605112931738,-2.31390630268332,6.04308128904789
533,9.78486403237602,0.420655600034001,6.34149755788881,-2.33684354384292,6.06991843953264
534,9.71428971249167,0.44631785168963,6.2988333877671,-2.33860462397207,5.98751250418553
535,9.6434193985428,0.459982101550199,6.28851260673502,-2.3721560648742,6.03020975442734
536,9.51043786819979,0.45284156276409,6.2754672988377,-2.41564668454447,5.99237050599311
537,9.40340504837394,0.422953642465211,6.27848844687395,-2.41025584896495,5.93463569936327
538,9.33884929567843,0.438969377222165,6.23163323370384,-2.34802278002047,5.88272274245814
539,9.26656176696609,0.459366290121835,6.24454403182591,-2.35219004543217,5.86251655689113
540,9.26019762750843,0.484198308818884,6.1847343997759,-2.39907366374436,5.80871866608883
541,9.21985679406415,0.545062389550514,6.10388217360818,-2.37605288889877,5.7632945739007
542,9.1611434063418,0.576749119867382,6.06865105748642,-2.34379482438264,5.71149738926219
543,9.12942005681336,0.616446132071057,6.08755267975164,-2.40779482438264,5.60953870935878
544,9.07660211641797,0.621468453499628,6.00735395725342,-2.45459356110385,5.62375042406193
545,9.0131165823442,0.6290410818901,5.91874988926791,-2.44649752536963,5.5351564018129
546,8.94721557058593,0.607470060319079,5.9418171337807,-2.44123436747489,5.48826831920057
547,8.89236671270055,0.620553021685864,5.94761255539762,-2.47993929757055,5.49365878222752
548,8.88878445863607,0.572334992335759,5.96094588873095,-2.48229016445271,5.55976989333863
549,8.90647750485744,0.521616480078785,5.94509204606147,-2.54677357265442,5.50917069227338
550,8.86090405036205,0.53079079200539,5.93820518731235,-2.60010102968395,5.40682556552809
551,8.82278250340072,0.54253502863001,5.84389624422292,-2.62171716199209,5.31060563425662
552,8.84398494313351,0.566677341209425,5.78176484935253,-2.55788737475805,5.25030345482086
553,8.72568525057904,0.586657502751157,5.74905920019495,-2.57101679331237,5.11402500769904
554,8.64464864013067,0.665934276047402,5.75714086757053,-2.45217951773528,4.84575953084461
555,8.64535796060165,0.704157997239083,5.78380189169241,-2.45743685033074,5.00510565735491
556,8.68868450901689,0.699942030966813,5.79868328258677,-2.49384759627374,4.94806633377419
557,8.68990023237229,0.72721475823954,5.70643838462758,-2.48977856301992,4.97994483972575
558,8.70710483922569,0.741743956339568,5.67504825009843,-2.49304742708965,4.91256603939708
559,8.68370301274168,0.73202091567958,5.61040232735165,-2.46282290204647,4.84095019835941
560,8.614947814516,0.751067210688616,5.50532986358354,-2.4695535335802,4.7640059071294
561,8.57985771832308,0.755794685660807,5.51848775832038,-2.45194045763261,4.7568919442336
562,8.57731318906099,0.734981722956519,5.4578519930214,-2.46439672075368,4.72228507823138
563,8.54498531133882,0.733855596830393,5.38339112227679,-2.4567354865985,4.76703645944685
564,8.50863405197871,0.741301109217018,5.37490829652238,-2.42858172373981,4.72659816046433
565,8.48877946584896,0.733560081771557,5.38728083221239,-2.478715131969,4.71859816046433
566,8.49405329952036,0.811151280381864,5.35316366488875,-2.54199228035253,4.66285959148291
567,8.43901864807315,0.842805560591058,5.32828076090748,-2.54401598662602,4.62626932208203
568,8.39644792574412,0.790945663767816,5.29285469060246,-2.52964942154112,4.59614559965061
569,8.40242878698814,0.766611280715998,5.34203047672242,-2.45438060433682,4.55422444473668
570,8.35788503608717,0.78504381202316,5.33282386962792,-2.40691134497165,4.49195846220998
571,8.27341333271388,0.824773313291123,5.30571625238748,-2.35651271171425,4.35571794216664
572,8.24438107464936,0.883712685917371,5.34119921493324,-2.29366231336665,4.45795686497861
573,8.29029092439895,0.879739927688086,5.33002217615857,-2.26239728210162,4.54611003609947
574,8.2478666819747,0.869441973548308,5.31948433573158,-2.22826758926886,4.49669379933596
575,8.21837384845762,0.8984213939599,5.2515283862285,-2.24169592579941,4.41264439009858
576,8.1606842270021,0.950035175792938,5.25880405316463,-2.22889681617226,4.37948930988468
577,8.16422379942176,0.976491652832006,5.18200556483962,-2.23911619210903,4.32869651224963
578,8.22700789033085,1.02359359392064,5.13390499091232,-2.27752937830822,4.24046917801418
579,8.17921633397025,1.00825189238647,5.09490552883593,-2.27795837873722,4.11763891433325
580,8.15657690823861,0.995201321423995,5.0632052406515,-2.27326767219955,4.08466314953388
581,8.17717251079914,1.00546826187574,5.05033450757931,-2.25641457749411,4.07089861659255
582,8.24782092777689,1.05018258702065,5.02714177734738,-2.22810870508177,4.02292508474805
583,8.23043682181662,1.07585881934249,4.96347563292351,-2.24493879435442,3.94677468431368
584,8.1661077591059,1.04381462044747,4.83816511677667,-2.13307737333269,3.89447031885889
585,8.16179201359567,1.06178205447329,4.82875204922407,-2.17203488656739,3.81640135334164
586,8.10393128136308,1.12142257734911,4.78267719447471,-2.20098225498844,3.78682967849746
587,8.02503769913117,1.15906442622816,4.79795592812922,-2.07343508517712,3.80237796000319
588,7.97901259452865,1.12793760823169,4.81532427605196,-2.01961564073268,3.70116907611227
589,7.89610684243576,1.14650451787273,4.78180548110014,-1.95941978819811,3.65566408166166
590,7.81957193915569,1.14228510859003,4.80232492434881,-1.93143705118015,3.60076212087734
591,7.81040264943351,1.14088572431911,4.81357668243601,-1.87972028240967,3.57462995505439
592,7.74109297380279,1.12737032791393,4.86542061616129,-1.87217627570389,3.61643691352801
593,7.69544409778569,1.13736747158716,4.89162787969728,-1.8710251965672,3.52952090128257
594,7.64465846366672,1.13450135994529,4.94774760177103,-1.88680952398723,3.43333118638782
595,7.68530434339946,1.15996630987376,4.96291496578777,-1.90309082101829,3.36746784255652
596,7.65500131309643,1.17164270687126,4.99665687461576,-1.91164791750693,3.33882790649684
597,7.62535925493088,1.11636346855948,4.95327442040835,-1.8412425532887,3.27829008691809
598,7.60228636557587,1.05271580875001,4.89914178853793,-1.81684554746669,3.19326334895017
599,7.54319674160075,1.13051901241133,4.83161199598239,-1.81930681864086,3.16690843612412
600,7.51301228100824,1.19496406886961,4.76532721693166,-1.75439752158871,3.06904195298578
601,7.4454241676703,1.25732487065135,4.71700212083061,-1.73381658449923,2.98559894166701
602,7.41841994826102,1.31674855740166,4.65503541220004,-1.73090537634785,2.94928457852338
603,7.44298622168225,1.37874394379151,4.60831909534154,-1.69345428635344,2.91842461418378
604,7.43368930128713,1.36081450480944,4.60162602062497,-1.6906445083259,2.82555562579241
605,7.46772820288896,1.38179550849529,4.5253792834358,-1.693832914123,2.75012042269763
606,7.52507932378018,1.37829263613996,4.50771546577198,-1.67807258471792,2.70451602709324
607,7.44456130576216,1.42665542556317,4.51038213243865,-1.66012530485252,2.60852475357265
608,7.4072740860918,1.41535362564688,4.4834241301685,-1.63052609794132,2.50182638970745
609,7.32766727451766,1.41155669131978,4.45572851306713,-1.73186453006369,2.56842159270893
610,7.19232375255704,1.40122698989061,4.36623853863569,-1.73130051427125,2.55653114514714
611,7.07644392423086,1.37427583885186,4.27498937363903,-1.74788474470477,2.49786519282997
612,7.02569204453161,1.34730771027654,4.26113974107826,-1.76723377725314,2.37632195797228
613,7.03457495166485,1.27164756524986,4.16650775435994,-1.73599727228697,2.33596920543353
614,7.00714493337818,1.31461754945208,4.08413879588479,-1.73900388683898,2.32230023804958
615,6.92809354997897,1.42268366048471,3.93616518608272,-1.73338671846796,2.1858290311077
616,6.97824576917461,1.45558300249787,3.64524067378416,-1.70826109032726,2.03876630733101
617,7.06920646166787,1.4068267835924,3.82673226740393,-1.69430366751604,1.99566285905515
618,7.08871123411219,1.4762482711957,3.88370296036477,-1.66691195249782,2.00753795068394
619,7.13407985415,1.50827576260464,3.80601973225606,-1.66566971647297,2.00616808767024
620,7.14860121323642,1.59860022913489,3.76353519340153,-1.63641666336306,2.04988976189045
621,7.19245966384442,1.57472121613409,3.72337181695497,-1.58698065166553,2.03120063317237
622,7.21256635239592,1.58060610202472,3.68176411811546,-1.53489306836619,1.96711357150368
623,7.13643661973206,1.60405127961843,3.59555722156373,-1.48112661639196,1.93310362393009
624,7.09315324671063,1.5962282421218,3.51789145413508,-1.44995489359763,1.93081714107871
625,7.10218478763046,1.58878337626986,3.52897917343333,-1.41427981127052,1.90436776891734
626,7.01038584583151,1.53799191033731,3.49555220714119,-1.41762802555624,1.79375412656812
627,6.98737798949033,1.56236177525863,3.44513087822836,-1.37737349519242,1.78815860298698
628,6.94631250669343,1.55933147222832,3.4054029870719,-1.37695526014433,1.77515069095801
629,6.90747891633874,1.55184242319625,3.36681822596311,-1.36738049247325,1.71459378368578
630,6.84272681663677,1.53875341796065,3.31418664701574,-1.35783188136214,1.66376870117753
631,6.81365217308071,1.55645253300489,3.22325324236209,-1.35769370255876,1.51871025271844
632,6.82074239968992,1.60242954449915,3.18699946592704,-1.37141131375455,1.49174242246519
633,6.78104432868069,1.61369397705336,3.11560107133473,-1.40992575667065,1.42178690285338
634,6.77029449457319,1.6363618061728,3.07094652588018,-1.42999926529377,1.35728840599632
635,6.7266778964027,1.6801521866466,3.00950214614809,-1.441047423934,1.2898188562495
636,6.69588732774806,1.71598010198758,2.91996029960861,-1.35505515036124,1.18675707385475
637,6.68283390290618,1.71897411396363,2.8365169794737,-1.30516298645039,1.14315997121706
638,6.6096900994284,1.71968993357709,2.93440854573876,-1.28610221296972,1.02785824707912
639,6.55791455049915,1.70706367095083,2.92693267242083,-1.33593893027769,1.01033330774238
640,6.51410122097153,1.66765887624154,2.88684480860974,-1.33593893027769,0.927894084599635
641,6.46022401089218,1.66899720600599,2.81693765404939,-1.31967311629187,0.897192918223445
642,6.40796433181077,1.63985795530101,2.79268186573627,-1.29009903959737,0.815535798202132
643,6.39173011507704,1.66848692954932,2.76422882706223,-1.27124680782582,0.780408243774457
644,6.34044457569464,1.64658700206564,2.73074542807518,-1.32493900934411,0.737104314343824
645,6.34097047629943,1.67437703294345,2.70129014898977,-1.36191284324627,0.777490255074354
646,6.33363686622609,1.68697434362993,2.64040630715094,-1.43999048792804,0.69301037851527
647,6.25671378930302,1.68068159397193,2.60334878502705,-1.31135865052523,0.646068318429433
648,6.22089124865821,1.70779086091522,2.5359315119253,-1.30160663046393,0.716104022906225
649,6.13412478952455,1.71013730673993,2.455535803412,-1.28608798085871,0.742212601439171
650,6.08637506394826,1.73878632235432,2.40773517696504,-1.28989777343667,0.706902983520858
651,6.03251216949777,1.71513579369544,2.35737546473482,-1.33372803585989,0.574484062869659
652,5.95891194938496,1.67761312665681,2.36092408077457,-1.28964248369926,0.51699440033798
653,5.92238541595974,1.67075253390159,2.2764210730404,-1.2611033483503,0.555078103742636
654,5.83408754361931,1.69873946386323,2.24144824316719,-1.27694076951357,0.459074807492121
655,5.7932601075823,1.72713063105566,2.21226237527164,-1.31047134150569,0.374411567026879
656,5.81351942686917,1.72022435903311,2.19352348866243,-1.30353916806542,0.207722441572089
657,5.8192786627169,1.66449680485355,2.12325469346526,-1.37748486419483,0.20436718724381
658,5.71809910832634,1.70996387567195,2.03284448630379,-1.34118985838763,0.111823559533604
659,5.69784078065809,1.75920629991438,2.00539350591163,-1.33771618880308,-0.032646269790411
660,5.67289934480305,1.76632708454423,1.9582759144441,-1.33217562906448,-0.198445332778438
661,5.56783588804523,1.78427338059065,1.88327939294695,-1.30177655112182,-0.321797375592692
662,5.49963645637383,1.79807850054776,1.81034405584506,-1.29092341195435,-0.440920460642877
663,5.46061661351859,1.85448875695801,1.71293178108555,-1.24254310063757,-0.493552039590246
664,5.42446867213687,1.85788503463768,1.69639613456888,-1.22821811148983,-0.593233905974127
665,5.31981914270858,1.83441592214779,1.63947013836394,-1.15151437610346,-0.683385726476613
666,5.21542282575877,1.82348622305186,1.62383227828164,-1.13158710337619,-0.808088500584935
667,5.16748405846993,1.96582301206839,1.56537509498369,-1.11053742613791,-0.842290454982329
668,5.13955109757607,1.98687421402411,1.49353641692739,-1.04985675995398,-0.805273653998857
669,5.09693333797718,1.96343039834101,1.43896043036148,-1.04641275940294,-0.808214044268838
670,5.00821275371968,1.95548641018967,1.38384663820355,-1.07858398029404,-0.801612512713517
671,4.90061183566918,1.91622544021276,1.2917003382319,-1.05691825153771,-0.771828750983611
672,4.91195838385784,1.93297118400288,1.25384329299478,-1.08764088243343,-0.886273785502995
673,4.83243169150781,1.93127387141448,1.21737123641455,-1.09024882216104,-0.85897237241478
674,4.80857593561322,1.9051180676537,1.17743665824909,-1.07489482727904,-0.858564375678754
675,4.76847806963524,1.95538188326048,1.08133130660998,-1.06043029320394,-0.840719035295409
676,4.70109336927622,1.98414714784664,1.04784369430396,-1.06084300471859,-0.845597084075897
677,4.64513620729496,2.01011746748134,1.01873880687947,-1.06715301843601,-0.832644753991774
678,4.51380386993248,1.97774532384695,0.99436859877432,-1.05944885818948,-0.884009742994232
679,4.50945665355329,1.98307342255699,0.855406184798672,-1.0333857580523,-0.954436007225103
680,4.54859559680182,1.95963482606576,0.7807299654545,-1.04224979732682,-1.07173604838301
681,4.47648415184143,1.91478067086488,0.625717328554753,-1.01821264900668,-1.14931309407908
682,4.40395844060862,1.90802192857867,0.700410048378263,-1.01931004269667,-1.28339429066028
683,4.40136103801122,1.8889852974855,0.702802056257819,-1.09281100981466,-1.39327400413507
684,4.34120861558335,1.87297646502621,0.732874059646214,-1.05610070816412,-1.45073502863396
685,4.26270762939005,1.90733400692565,0.75477584171668,-1.05694816579124,
686,4.19906381622425,1.88058705271756,0.796448475255274,-1.02975036359343,
687,4.18666595767255,1.89595056437737,0.806969038173705,-1.06188809673547,
688,4.11234439760163,1.91261723104404,0.732505204418544,-1.09053355520675,
689,4.04824894810108,1.9605740982404,0.778912606471457,-1.06293753813705,
690,3.89874639365096,1.98513937563483,0.863239570988049,-1.00205832582253,
691,3.79348323575622,1.96605810355002,0.839678240129845,-0.96189995478181,
692,3.77023991988896,1.92381602393995,0.81880431861579,-0.95593574007008,
693,3.66248368720198,1.88577641715836,0.766887385708442,-0.937147181460994,
694,3.57188272252984,1.83975007410671,0.76039914564356,-0.917506562990455,
695,3.5835152937292,1.87105442193279,0.733989241929667,-0.920822396093522,
696,3.61320986386495,1.85801794910432,0.68657720552157,-0.929398243134152,
697,3.61158384760478,1.90683284752418,0.605881219770098,-0.922843254059134,
698,3.58466760221607,1.90422188146674,0.57658899832651,-0.889156755824958,
699,3.53639363714937,1.91840825142502,0.521455655781256,-0.880768234853656,
700,3.50887791387893,1.91812671989349,0.478699664495853,-0.877888050521859,
701,3.51201100201406,1.96709899193101,0.443865339941902,-0.90119642741125,
702,3.45700091458971,2.00916562095416,0.51619330480281,-0.918556018950273,
703,3.46177516094082,2.05520918312675,0.502060048385158,-0.907767637207534,
704,3.39263285804488,2.08729183674285,0.460783218445697,-0.906532561044504,
705,3.32030753053397,2.07448015469298,0.445062097461418,-0.830212717885283,
706,3.24332134155544,2.025733253013,0.379470101908333,-0.813856580778185,
707,3.18526217650152,2.00035535813018,0.281695857075265,-0.806954200161197,
708,3.16975611504114,2.05419685843266,0.249259694204319,-0.782192822377271,
709,3.20047933418197,1.97491598604834,0.276734497462638,-0.713527583262353,
710,3.22886450327066,1.97090547574548,0.239625930763783,-0.692107064660324,
711,3.13543701820819,1.9445527984256,0.216175795992893,-0.65238776641471,
712,3.10134920800912,2.00125976445899,0.18107540598856,-0.642768360308478,
713,3.06494144101883,2.02268544832909,0.190089654316562,-0.627669992152309,
714,3.00517829037162,2.05090389561254,0.154892416967645,-0.590475818768064,
715,3.0038413919759,2.07278149184627,0.146359300348384,-0.580667834239814,
716,3.04230823328295,2.10574536114237,0.123026882011848,-0.560253924624159,
717,3.02422180500737,2.06896061999796,0.08080799965087,-0.497175220920455,
718,3.00359765303994,2.04906295086777,0.079958622527427,-0.473443390603042,
719,2.92068138089061,2.08201092774638,0.046120310195557,-0.42840348182311,
720,2.92793444695944,2.11155638229184,0.061954658551221,-0.465322549435677,
721,2.76701178752932,2.13687636003252,0.011689027165851,-0.4850575367489,
722,2.67008569204207,2.16925835783713,-0.034790238072112,-0.463976223110581,
723,2.69057749532076,2.13178571013472,-0.023251241825761,-0.456820337043512,
724,2.61416553518787,2.14924787544322,-0.027887184012835,-0.469050651733631,
725,2.60092229194463,2.1817926783106,-0.117873832877988,-0.524416920898878,
726,2.59967385249394,2.22890861206274,-0.110534129235834,-0.528881206613164,
727,2.59503706733166,2.23840948186068,-0.170683484293539,-0.550024063756021,
728,2.56877563328031,2.28616150643482,-0.145403749523543,-0.488404595988837,
729,2.5931151999173,2.27571620681965,-0.140998463179931,-0.495329004528941,
730,2.57006044487407,2.24074738057948,-0.157020014292932,-0.487845634240693,
731,2.55991551733784,2.23698221533056,-0.245026677257952,-0.492660134382296,
732,2.49768844310203,2.26185096360356,-0.336990457676741,-0.470166909450046,
733,2.40054086145672,2.20017569108491,-0.372369712568191,-0.478440489152198,
734,2.36487556653217,2.17738949924428,-0.404320766273153,-0.454834118276202,
735,2.29477772441985,2.16764076932529,-0.461782527331442,-0.409594040563185,
736,2.20366935341012,2.15087618987265,-0.363135402190517,-0.394929629959688,
737,2.20052426931331,2.15156404239707,-0.368545424969561,-0.348741538696472,
738,2.15360866269315,2.12444681252639,-0.455970914609072,-0.388213374628485,
739,2.1168439568108,2.1252750841995,-0.445240354562034,-0.418407776944768,
740,2.08456875426066,2.11415763836142,-0.539153398040295,-0.474297957642344,
741,2.02443924454743,2.07132200130107,-0.651849546399782,-0.461121618982406,
742,1.97675623581674,2.1072409391068,-0.52773249291845,-0.410588599461431,
743,2.00982121569023,2.07091526060993,-0.424801726954978,-0.383497203212548,
744,2.01813388887092,2.04823952364848,-0.36354202031132,-0.397598260791866,
745,2.01529764465536,2.09389256056789,-0.348161955241814,-0.380622711811956,
746,2.05197542580116,2.1294326302543,-0.265393593659893,-0.3695177701129,
747,2.08250430640888,2.15429487995192,-0.300850732635575,-0.392108562220421,
748,2.07872852947016,2.12544739893053,-0.32692373704793,-0.285084620568289,
749,2.12424218356639,2.08782013022756,-0.375921509876438,-0.223242325628113,
750,2.14829027975877,2.10393154475514,-0.471811920835342,-0.1696882847323,
751,2.13380544783748,2.07950067301722,-0.482445811181979,-0.186343480878205,
752,2.06548914875195,2.07215396490758,-0.537251649793932,-0.170672155168759,
753,2.00794717771517,2.07611409053915,-0.584418903792305,-0.187522983898041,
754,1.93609731176343,2.08092773377942,-0.662842197295945,-0.161675769653354,
755,1.9246618213827,2.02792129630511,-0.706058827492882,-0.231273865158186,
756,1.857354129075,2.0092614150498,-0.756686612021031,-0.193548800854099,
757,1.74401243104071,2.0423758883584,-0.812695462802389,-0.190824747462652,
758,1.68224459291504,2.08769566811274,-0.910815402420887,-0.176675826496524,
759,1.60760574861328,2.07745292923242,-0.930035458131194,-0.148436623838717,
760,1.52000467044616,2.05923544044319,-0.977654505750242,-0.195081468355901,
761,1.47982066286938,2.08174728878442,-1.01107566786368,-0.193811179012218,
762,1.41795130546099,2.08502329206042,-1.11535820401496,-0.19100691653325,
763,1.35066465338221,2.0320047709237,-1.1282455086489,-0.23251109480623,
764,1.32166357926836,1.9687344340297,-1.14532069454811,-0.177002029255324,
765,1.27461111847874,1.79198104036454,-1.14752333771991,-0.159462903513284,
766,1.21908480268927,1.94083764902268,-1.16204084412469,-0.103876154495878,
767,1.15569576802555,1.89679332769304,-1.15025186681848,-0.150729103973721,
768,1.08366070913757,1.85770267063731,-1.20208202787265,-0.142655286211322,
769,1.02530739179145,1.90449048005211,-1.37234096031876,-0.14367614081246,
770,0.997977702416697,1.91797741458428,,-0.13272976420168,
771,0.914989596042248,1.89814897976499,,-0.123505673045955,
772,0.79955335443151,1.89204709243704,,-0.120318753273196,
773,0.767775125898718,1.91096260315583,,-0.09257090844561,
774,0.793831559002538,1.89583073977494,,-0.099887981616342,
775,0.758849970364979,1.9157163295325,,-0.100162556026007,
776,0.709037288250369,1.90356834499357,,-0.097247104130963,
777,0.638572925399397,1.82717251463516,,-0.141993634858802,
778,0.617196563518277,1.83869869155503,,-0.113113282034788,
779,0.539030161822463,1.83092984870373,,-0.112130274030294,
780,0.499662266064215,1.77629738824912,,-0.108039736806405,
781,0.444353424723885,1.76852353665901,,-0.125650140491043,
782,0.478826673482847,1.89707157159351,,-0.155012556598426,
783,0.435852134886593,1.88479637890153,,-0.179821981407851,
784,0.370791226802429,1.89043955644458,,-0.175939563215948,
785,0.347396232243125,1.84927868020627,,-0.169283282235917,
786,0.331476102723427,1.80955206764753,,-0.181414520173607,
787,0.321619098697327,1.7530139406542,,-0.175854087045132,
788,0.308070446719771,1.86114620160147,,-0.119360202362546,
789,0.236789990524852,1.93977028022555,,-0.124744587645226,
790,0.242965371340002,1.92652795940644,,-0.151582393946276,
791,0.176007782358685,1.90470828052624,,-0.153822035603611,
792,0.115846072066784,1.90679480160011,,-0.13452897828774,
793,0.087444206869666,1.90024610437285,,-0.173368198572072,
794,0.052354073389551,1.83982652395327,,-0.229048738504581,
795,0.02225373894139,1.83829513038512,,-0.207150928285603,
796,0.038227260311372,1.81819530575272,,-0.239853165807117,
797,0.008828027247886,1.76854593688877,,-0.25334321522611,
798,-0.010029508884254,1.8162893703527,,-0.274813961334537,
799,0.050874223925176,1.86412414716816,,-0.258021836262158,
800,0.10931133902029,1.83352034237081,,-0.2555294518811,
801,0.066296066496821,1.82831058092304,,-0.246557184344395,
802,0.083407435406334,1.78017202917069,,-0.244330632716229,
803,0.120303482258457,1.78625273674393,,-0.274163080611611,
804,0.141342554821789,1.76614054629381,,-0.25646020566472,
805,0.148666031400482,1.74184404663698,,-0.260091678428674,
806,0.172910918302825,1.72796878384791,,-0.248254886895461,
807,0.118707824826026,1.67453154477193,,-0.265857569208957,
808,0.186082719989571,1.65662803240347,,-0.25269598981943,
809,0.181375830815416,1.63791586949758,,-0.227925602956085,
810,0.184434785209187,1.64001289172602,,-0.244573458486559,
811,0.271840933388816,1.59836875976279,,-0.340159702732429,
812,0.28720770636649,1.62166397365521,,-0.426172111079863,
813,0.262951281301518,1.63197608695096,,-0.357478578884251,
814,0.318240789355501,1.60819636229514,,-0.454161712264632,
,,1.60833523189659,,-0.507846077612478,
,,1.58619716023915,,-0.363649458774575,
,,1.53853684828074,,-0.417940697804769,
,,1.52850718307379,,-0.439475601692615,
,,1.56320393906815,,-0.577221056238069,
,,1.52722867206421,,-0.512593675821215,
,,1.57973877016,,-0.671096782308717,
,,1.56289762314134,,-0.710930313818824,
,,1.61064701486883,,-0.72696027636564,
,,1.57755181148642,,-0.712333640491891,
,,1.59620151511516,,-0.728201812600527,
,,1.6044223019619,,-0.720309035236417,
,,1.64398407919866,,-0.708686260482849,
,,1.68895195928431,,-0.709956908513345,
,,1.66244726574483,,-0.739115019396302,
,,1.66866195501037,,-0.777411675583784,
,,1.6903771831577,,-0.801504724600676,
,,1.67665576943629,,-0.766847074558411,
,,1.64341978000505,,-0.764590337534649,
,,1.68487055720713,,-0.767223010390406,
,,1.71409365057847,,-0.812468729449295,
,,1.7544763718392,,-0.830780721738983,
,,1.82869780139058,,-0.848993343509419,
,,1.8109032098255,,-0.865066019959454,
,,1.8161328918043,,-0.848769307399746,
,,1.83996620135189,,-0.857673901039322,
,,1.81363929722687,,-0.897884660884025,
,,1.84973987315046,,-0.922989831192073,
,,1.86463261806097,,-0.928749567889824,
,,1.90840272014459,,-0.931492299650658,
,,1.89250266335867,,-0.991176984335342,
,,1.89348045355284,,-1.01308294219777,
,,1.98952882930871,,-1.04884195152015,
,,1.88358782390779,,-1.10180486379605,
,,1.86465108663749,,-1.09012743557789,
,,1.83619072290016,,-1.10664941821581,
,,1.84990097024998,,-1.09768399911804,
,,1.84477568551194,,-1.10274159956761,
,,1.83628191427751,,-1.1498605322954,
,,1.83740236245678,,-1.17537864874824,
,,1.88194579230088,,-1.18494264312236,
,,1.87105932262747,,-1.25836676217332,
,,1.89748294845763,,-1.2226328424372,
,,1.8843013194858,,-1.18797336839809,
,,1.90338798709501,,-1.21853364004495,
,,1.87059642735735,,-1.22387244907986,
,,1.83050702939674,,-1.25328015306992,
,,1.88701460622721,,-1.24637986894057,
,,1.94470418808405,,-1.25320443738698,
,,1.8607347224352,,-1.30331579596159,
,,1.85863593972917,,-1.35340751319032,
,,1.91096705295467,,-1.32690081676175,
,,1.89779440721476,,-1.30841207078104,
,,1.92577593397379,,-1.29842937412191,
,,1.93208817973056,,-1.2797655926775,
,,1.89742299805159,,-1.27713470606871,
,,1.83424217016488,,-1.27010235726421,
,,1.90411967573281,,-1.26146335429013,
,,1.91505695940995,,-1.286092555542,
,,1.90680405690611,,-1.32694267974846,
,,1.88429237631712,,-1.33073534725794,
,,1.84740657258771,,-1.21389976167235,
,,1.89588713795873,,-1.18036918968024,
,,1.90757892553445,,-1.13519318854016,
,,1.90135916050335,,-1.15891814947211,
,,1.88003480584566,,-1.23977509487639,
,,1.91266381260145,,-1.26865090087583,
,,1.84372221182464,,-1.27100906428268,
,,1.81475708246581,,-1.2682079438345,
,,1.80845014483442,,-1.31649106447652,
,,1.79488940109053,,-1.37035523309479,
,,1.83228046097246,,-1.40988376550819,
,,1.83172644435196,,-1.42186322928457,
,,1.83869460940183,,-1.38557630945335,
,,1.83580880481202,,-1.39370639075416,
,,1.79831049697393,,-1.38128130670212,
,,1.81295574082435,,-1.35841589425639,
,,1.7871637587666,,-1.33035174763554,
,,1.74900408352979,,-1.31911890891692,
,,1.73280296621136,,-1.32875336627028,
,,1.72704006829698,,-1.31149584118667,
,,1.69415236776222,,-1.32456417769633,
,,1.65986743401,,-1.33862561114343,
,,1.66158224735916,,-1.33355090012003,
,,1.77397102217093,,-1.39432741267319,
,,1.76163560983552,,-1.41219951543778,
,,1.69974087299341,,-1.41108592969168,
,,1.55536023312467,,-1.43470360126712,
,,1.62760480271437,,-1.4073118862489,
,,1.70263248820717,,-1.45787290578069,
,,1.73708603240373,,-1.44913066099784,
,,1.77123903786821,,-1.49761976851716,
,,1.79200890771036,,-1.48598556938297,
,,1.80604150870256,,-1.50555136943657,
,,1.78810241817273,,-1.54042543530981,
,,1.80253884238151,,-1.50228984208947,
,,1.81306216433828,,-1.47949414316474,
,,1.77693458883729,,-1.49311200080899,
,,1.75390112512586,,-1.53372040947594,
,,1.79782805302992,,-1.54384446480176,
,,1.81290484604105,,-1.55280052413566,
,,1.77752976001214,,-1.58511204029142,
,,1.77259960389053,,-1.6183148821067,
,,1.77056404954123,,-1.61816542761559,
,,1.76238966262025,,-1.59743407143937,
,,1.74998070659111,,-1.6430999177615,
,,1.70524939467277,,-1.63278464825692,
,,1.66941965329346,,-1.63489287032298,
,,1.65820260337759,,-1.62286853873435,
,,1.69718541740581,,-1.58939285337824,
,,1.7001187879883,,-1.60626759614131,
,,1.70081995192042,,-1.67803793106954,
,,1.671457071034,,-1.69113122075857,
,,1.6741029420826,,-1.68997681960417,
,,1.70876276236501,,-1.63367728421199,
,,1.67563883318169,,-1.62441550268107,
,,1.72580041811916,,-1.60279972316202,
,,1.94265402755258,,-1.63505778767815,
,,2.06495618582596,,-1.65796729512374,
,,2.10803310890289,,-1.68258436295744,
,,2.34955298079108,,-1.70633178917569,
,,2.56243935432177,,-1.70222894453674,
,,2.62912431590245,,-1.70861464057761,
,,2.64877557524372,,-1.73618220814518,
,,2.6972814821235,,-1.74232068066481,
,,2.74358830030532,,-1.74868110469308,
,,2.6956604739732,,-1.78703920801933,
,,2.77157083811886,,-1.79476067369391,
,,2.85958424968634,,-1.80758660745008,
,,2.93454928465137,,-1.83133039541253,
,,3.1143293788967,,-1.87533983592342,
,,3.21727266676461,,-1.89778994678817,
,,3.2040385890144,,-1.91367173107211,
,,3.18808114220589,,-1.96239686790297,
,,3.18262857950142,,-1.96453270728785,
,,3.16362233459238,,-1.98995290453747,
,,3.11553219994,,-1.9769302863058,
,,3.13658336402755,,-1.96024779613898,
,,3.14740467368349,,-1.86801010139198,
,,3.13802486127974,,-1.70231201492848,
,,3.15191573912594,,-1.69661836126926,
,,3.18858145095636,,-1.7333473979983,
,,3.19468577948022,,-1.69302255901762,
,,3.13465772898934,,-1.50198582663923,
,,3.11505526154588,,-1.44553421373601,
,,3.12198430810907,,-1.44651639417659,
,,3.12539448407415,,-1.48221044516809,
,,3.06726776231107,,-1.4848351170841,
,,3.04304727233334,,-1.48765838077693,
,,3.03393469697935,,-1.46682504744359,
,,3.00894813061718,,-1.43726030613508,
,,3.01678468253434,,-1.47537593782673,
,,3.03027001549694,,-1.39227713764898,
,,2.98263770351922,,-1.38765075323849,
,,3.00689646362704,,-1.37079682065422,
,,2.9877741634482,,-1.38778404513829,
,,2.94415454816779,,-1.41067643718764,
,,2.93520091994381,,-1.43285606478895,
,,2.94367435639304,,-1.47825483779509,
,,2.94634672411084,,-1.46596311422229,
,,2.95572916354509,,-1.487405609349,
,,2.96116621917035,,-1.48853205260442,
,,2.95549085027137,,-1.49550431191313,
,,2.9127702207042,,-1.46237136070384,
,,2.92691786042965,,-1.52212333364635,
,,2.91095434845702,,-1.40131408509143,
,,2.9201057627665,,-1.28027022057172,
,,2.87007186446142,,-1.18171788204165,
,,2.82686112470474,,-1.02613069342956,
,,2.83581290062158,,-0.880518897030859,
,,2.86705863673837,,-0.794160261167273,
,,2.85576558196706,,-0.761357493001183,
,,2.84143738515711,,-0.694560944156207,
,,2.87216828216707,,-0.618174964544421,
,,2.83892805870339,,-0.527592252586398,
,,2.82654458854894,,-0.501639740162323,
,,2.82214898415334,,-0.50785442942786,
,,2.79572650407505,,-0.528370828590456,
,,2.79169368527377,,-0.491614375167335,
,,2.7637777095966,,-0.487704852687581,
,,2.73950120431612,,-0.478082563444439,
,,2.73343717949592,,-0.484775257253697,
,,2.71853651724427,,-0.547430515327117,
,,2.69544990747793,,-0.521224013823465,
,,2.69752603204541,,-0.491462109061561,
,,2.70680090556986,,-0.503517474443314,
,,2.6976214897145,,-0.453074096045291,
,,2.71355217724944,,-0.447371815132926,
,,2.74664247450126,,-0.419198710282505,
,,2.7088291336147,,-0.413845089544269,
,,2.67425098700336,,-0.407637414600702,
,,2.62797624893584,,-0.37646037847929,
,,2.6592308778797,,-0.319964823561022,
,,2.63892703008757,,-0.346291847895731,
,,2.70638955090933,,-0.418637074238983,
,,2.68950906475133,,-0.433769304475159,
,,2.68572596260757,,-0.4514782142704,
,,2.65929486720121,,-0.407581301214608,
,,2.69269030936833,,-0.398664103762379,
,,2.65232386218826,,-0.444079699306509,
,,2.6412049318575,,-0.432885140712206,
,,2.63315252295891,,-0.446695738231935,
,,2.54571343254202,,-0.440741669618383,
,,2.45403501223172,,-0.386279821651721,
,,2.41774692358906,,-0.405686530828322,
,,2.48966617215208,,-0.440016541902519,
,,2.51012104269993,,-0.476618563208173,
,,2.49514793614374,,-0.551923569518648,
,,2.50628881895294,,-0.497884889200105,
,,2.48136886907127,,-0.492744969154417,
,,2.53763737844935,,-0.464873963755321,
,,2.55154203225185,,-0.443998347634707,
,,2.55330001643,,-0.528844274185994,
,,2.55015895417985,,-0.656370811920471,
,,2.52746202494087,,-0.620540193027963,
,,2.55999627151621,,-0.621373757907096,
,,2.54708663894421,,-0.64441389701737,
,,2.58889193331713,,-0.632404057630885,
,,2.60693617080258,,-0.634514652818728,
,,2.61927817823753,,-0.637249646341111,
,,2.35005848344916,,-0.621622275684155,
,,2.21187126205243,,-0.581669107236914,
,,,,-0.5587533192431,
,,,,-0.581477343825063,
,,,,-0.535266092389931,
,,,,-0.51900352586125,
,,,,-0.474711755652216,
,,,,-0.497625475595639,
,,,,-0.483469190204926,
,,,,-0.443288730596861,
,,,,-0.410841219218209,
,,,,-0.421156405464628,
,,,,-0.414199883725497,
,,,,-0.413630731761923,
,,,,-0.372793644129311,
,,,,-0.402650848802613,
,,,,-0.395182698268128,
,,,,-0.336895974688499,
,,,,-0.328936907036423,
,,,,-0.321979644506252,
,,,,-0.320126472731483,
,,,,-0.309089586295236,
,,,,-0.287315034377001,
,,,,-0.250754636599874,
,,,,-0.282204927254218,
,,,,-0.302110716647928,
,,,,-0.305320521141654,
,,,,-0.278847421227051,
,,,,-0.284574478078567,
,,,,-0.23270784940943,
,,,,-0.205848345277199,
,,,,-0.251727947848794,
,,,,-0.178464667054866,
,,,,-0.178464667054866,
,,,,-0.137905226495425,
,,,,-0.101233245048839,
,,,,-0.043509055146804,
,,,,-0.012222160223545,
,,,,-0.008473601976717,
,,,,0.006565134161822,
,,,,-0.010320419309098,
,,,,0.094722204589183,
,,,,0.030280317362486,
,,,,-0.042286054318931,
,,,,-0.148566247555645,
,,,,-0.203740718178968,
,,,,-0.168632119547608,
,,,,-0.131035951743863,
,,,,-0.083161231385921,
,,,,-0.242413513663852,
,,,,-0.435340934168629,
