File Name,AgN23.csv,yatensis.csv,YPW6.csv
1,0.025303788420300215,0.01878136200716846,0.049352161886737515
2,0.07549907266737095,0.08623523654591385,0.10189429472911112
3,0.14135827024496367,0.10627912827963733,0.0968362762822203
4,0.3547641711329614,0.0763283012791903,0.20695703533914955
5,0.3777391343141101,0.12569403565180226,0.16517348299897533
6,0.48981811224674654,0.2638220567445223,0.2595518772452692
7,0.4699972342552622,0.3035541316417669,0.19108368231586276
8,0.40860374482065337,0.43710462024111546,0.23805951902605338
9,0.48975062066593333,0.709126462459825,0.36695513173407157
10,0.605497041933827,0.6526351820901723,0.5265388264435251
11,0.6573530918063122,0.6372290196251864,0.5753264396483162
12,0.6156680130023646,0.6096953347980042,0.5717918299281395
13,0.635969637132295,0.6635635296404111,0.5797350923394871
14,0.6833657752247467,0.6292017808467278,0.5806933401149833
15,0.6998869722322281,0.5801329070660598,0.5861731771249594
16,0.6739286263221768,0.6809427367225803,0.5833824794505408
17,0.6515148332187285,0.6438183996571708,0.575004509391483
18,0.6730996514137162,0.700961256800028,0.6614887662318515
19,0.7651160687313383,0.6932633628276242,0.6658843706274559
20,0.7713706141858837,0.7039662844359552,0.6817487032313946
21,0.7473869932440879,0.7171144599419383,0.7122638208125815
22,0.7944492557404339,0.6825007605115309,0.7435917941976661
23,0.7989609716478709,0.6773179618002267,0.7409473961461699
24,0.8303987248964387,0.6695132221947209,0.7706230345174604
25,0.8446098617873901,0.6759482286297273,0.741152929671895
26,0.8723957640980072,0.6898653060434704,0.726400413471702
27,0.8959589824888118,0.7383284940348929,0.7443467095181195
28,0.9415879803566156,0.7172037438207907,0.7365689317403418
29,0.9165988138103207,0.7237864570434581,0.7795120389613484
30,0.8458086308056392,0.7639086283609647,0.8771199575755908
31,0.842712655573441,0.7218244600242913,0.9057615287703535
32,0.8248427484969578,0.77533616570991,0.90747728513295
33,0.7955516773210699,0.7860947863995652,0.9407480122593251
34,0.7573159620124633,0.8485947863995652,0.9438853741471985
35,0.6812824263085027,0.8774502330376985,1.0146170814642717
36,0.6800263202373233,0.8305640993623387,1.0203850224434803
37,0.6884609163774235,0.8054512325451829,1.062392806633522
38,0.6420939387127359,0.8092171653377669,1.129006500184045
39,0.6582742334252467,0.8114905384551298,1.165643295123423
40,0.686075651864963,0.8283781867454298,1.1494122084659264
41,0.6985105853525281,0.8403051877513215,1.2081866978364975
42,0.7143656249901271,0.8054297429114639,1.1483356096348938
43,0.68163533911801,0.8740489897733885,1.2007505382847292
44,0.6935731514444953,0.8926771486181538,1.2215122597201753
45,0.7010516331716012,0.8796974646452419,1.2456037256246262
46,0.6826979068089761,0.8542510988361599,1.2784930977366131
47,0.7047896294040544,0.8639918040083372,1.3393086755551542
48,0.709507919717682,0.8721173293655802,1.3737346802184378
49,0.7324502770448974,0.9291760704282467,1.4512404288996228
50,0.7174116263070197,1.0558599339994705,1.4647197886300356
51,0.6968115986559759,1.0981724601829645,1.4757207393294787
52,0.7153506135978684,1.1400289522102993,1.4801110523163077
53,0.7365861348333896,1.1922312360602179,1.4868445963591825
54,0.72777864147396,1.1127939758641117,1.5216234714128536
55,0.7218254364345027,1.1296627894706919,1.5495964630071764
56,0.7378891324814366,1.1839005478283005,1.6878280943894928
57,0.7459558918694755,1.2037352585721022,1.738424556750661
58,0.7462329001797249,1.2206503961867812,1.7480516753947288
59,0.7667196319272843,1.2688464854183978,1.687880546496026
60,0.7603449090891469,1.2395577824895276,1.6387049192558827
61,0.7419223414437813,1.183717405601624,1.6675018787647264
62,0.7257411116703185,1.1948254311500828,1.741993357599251
63,0.7590556232456996,1.2505603742920173,1.7323227198977793
64,0.8154574346907387,1.2423506666728326,1.7726453005429406
65,0.7987697331061082,1.2630135428342526,1.778720970247442
66,0.8258044110962002,1.209733680330672,1.8235918800914293
67,0.8366648956408953,1.169700434728788,1.9025537795944663
68,0.8363808047318044,1.2095666181689888,1.955965412704086
69,0.8651964672162936,1.201650304909164,2.0002059277020314
70,0.8337690824731121,1.1695596316878067,2.076618805966506
71,0.842516222831072,1.1122435666561177,2.1483720080047926
72,0.8511114417405535,1.045078354081682,2.180229682808268
73,0.8826563325467007,0.988812017584227,2.222542208991762
74,0.9105754633402642,0.9598385076504522,2.315927422999544
75,0.9299660450577157,0.8898716934911601,2.3946945462872153
76,0.9324870534610771,0.7505296973617711,2.412506251121821
77,0.9639975805205656,0.6115073746717457,2.5013345889964804
78,0.9484448272628944,0.5651333551313575,2.5128412899576285
79,0.9275638203979059,0.4450349810365358,2.605157486751437
80,0.9518684382753025,0.35653303831096383,2.6136908200847704
81,0.9789104574127314,0.380956937855603,2.6325692209731657
82,1.0329455451320297,0.404058371737706,2.7091619196131083
83,1.0747267435927224,0.44377962609310667,2.8440289811918382
84,1.053740098730362,0.5081103899333309,2.923623369301298
85,1.1177188191559535,0.48921605823284103,2.9871786198160546
86,1.0947945809675275,0.4853291797983148,3.0123570229397925
87,1.088054901102321,0.5182384718337131,3.034987480873765
88,1.080307495752226,0.48781917887673854,3.059616682125636
89,1.0683776711908226,0.5260616524324749,3.0590737939605983
90,1.0572107253505099,0.569910449683334,3.076362487703738
91,1.033072313183634,0.6035721902416263,3.0579609496647375
92,1.084827058506589,0.6281079093686427,3.028633750124772
93,1.1012205011295397,0.6433880451920723,3.085171329398824
94,1.108596979904766,0.6013874925532218,3.0695294739511434
95,1.1348246584761945,0.569488899434403,3.1481781586887587
96,1.1132965875601961,0.55411819419028,3.2127254980114954
97,1.0769407893133216,0.6002974135415718,3.2604094217172177
98,1.0365845410528152,0.5079355500529478,3.2902116433373747
99,1.011077854164631,0.5397949293443512,3.3266543955810515
100,0.8763220989709196,0.6084679799599463,3.357482638229155
101,0.6767285440282574,0.7046901729308559,3.4229084701524486
102,0.4427107779003996,0.6682529259672931,3.4860488744725817
103,0.3586092320203826,0.7129120327851568,3.5453847481797127
104,0.24208501549616607,0.7173663757695666,3.562453293289439
105,-0.0075170681386190485,0.7126554549986887,3.6424929589644637
106,-0.017761803482955987,0.6019186128934255,3.5881726662540783
107,0.0034776495283911184,0.5068594618843789,3.633108766295304
108,-0.0518218896421158,0.532953737978655,3.6734810120870107
109,-0.052519336984841423,0.5467126812918085,3.7228482767233615
110,-0.053221288409802815,0.44765607751822356,3.7258357835131495
111,-0.020356119870476974,0.3698983921656015,3.818998409500619
112,-0.02429423520099737,0.28595829050328525,3.8519531143106036
113,-0.059882925593457634,0.33881814412215217,3.9270851029392757
114,-0.031303569322647426,0.28818002143792,3.9602565116832036
115,0.011571073388663311,0.28989872667997096,3.9712059226326146
116,0.012303888865726186,0.3322090020325566,4.007779681979997
117,0.05417716710264078,0.3816252387960646,4.052871083469503
118,0.05859898138644086,0.3997512845294723,4.113444941067803
119,0.035145408488347324,0.4801492409693755,4.181914932614717
120,0.06321655912759135,0.47069531123888303,4.194306863450452
121,0.11452690395517756,0.5028134844330828,4.205848495767023
122,0.10675305236507156,0.512264746952479,4.288084453842808
123,0.11423998554772448,0.5346548952872118,4.271939290248009
124,0.11204347068464057,0.5380533659754021,4.260782673950876
125,0.10673424410980918,0.5349867364800021,4.263632450039898
126,0.14198886078580247,0.6118019873911319,4.304877129329491
127,0.12892809985451342,0.6245462524718456,4.351576916412529
128,0.10116606019445676,0.6312829811164158,4.349305479728827
129,0.05103558361156979,0.6441825885196687,4.320968840454245
130,0.012330446384265073,0.6567112157593292,4.275688928269832
131,-0.04935179660638913,0.6894891452867807,4.297652051914084
132,-0.10325718714544303,0.7215439398073287,4.333528340573878
133,0.04926653723909828,0.7491301467038805,4.459715212735706
134,0.09770118556143437,0.7761571737309074,4.5163751180771525
135,0.10260795690588971,0.7511875422016862,4.5404815187421566
136,0.16567101996895278,0.7353831385815321,4.545891423028466
137,0.18624828830205595,0.7287873652607622,4.611415337875024
138,0.2156242189911043,0.7253361141822462,4.654858183381405
139,0.22525282972012767,0.7549187158302267,4.671220844325611
140,0.25840046203210537,0.8107093028212368,4.695468889906636
141,0.25564488198250496,0.8400565326621583,4.78306214771266
142,0.2820881880880013,0.8024007747544492,4.685569111500961
143,0.251051741618753,0.7984515504949287,4.647284272297285
144,0.27978659113529936,0.8341056773899315,4.698780938491072
145,0.30225234455995686,0.8262010871805292,4.73490550596512
146,0.29447672667603575,0.8510984880013226,4.759456322039733
147,0.30191741178062653,0.8496682820516659,4.8554290182854665
148,0.2575129298329159,0.8802704538186945,4.898643156073676
149,0.24589161464017215,0.8815182009419442,4.910061939973191
150,0.25964246555916465,0.9123367757571722,4.940950496239349
151,0.3402336535123158,0.9228720832742565,4.957817277257074
152,0.3170370481374926,0.950998435502729,5.0504479894843275
153,0.3708398650389011,0.9614835466449071,5.108917111762843
154,0.3649310299235381,0.9594824031343296,5.123695436885996
155,0.33642348380839,0.925812369464296,5.115497576666461
156,0.3555543938931126,0.9792329200230314,5.069228520769162
157,0.3264390523477599,0.97801125584494,5.088042659879767
158,0.36910351697754246,0.9578844292665005,4.986706524164409
159,0.4285912614005664,1.0315657403806722,4.991314819095284
160,0.4108946321870833,1.0103485432840782,5.072649098726228
161,0.4350112895062083,1.0274114803470153,5.103355935342682
162,0.411140871773898,1.0506485522073243,5.042472093503854
163,0.37302681192070775,1.0402375933032149,5.111763007496844
164,0.3869472664661623,1.0703415889244519,5.185641277796424
165,0.3537732434130276,1.071460470043333,5.276575883465803
166,0.3294869204475398,1.1086207584515415,5.325312594773273
167,0.33059036872340186,1.1276710069330433,5.43434155559099
168,0.2817754703035373,1.1483777987607628,5.423168371233448
169,0.30538399798990157,1.1485197031172265,5.452011832448794
170,0.2873272482048629,1.1625411828308303,5.375023557268684
171,0.3133175192264056,1.1667836900157216,5.387022978983301
172,0.26816750466188477,1.1536153992598617,5.358239064921877
173,0.28103463752901764,1.1588069244457744,5.450638675870883
174,0.27212198155753814,1.1449062152259162,5.46509949394002
175,0.25314096257651914,1.1430999070419507,5.497823675835472
176,0.2576416658113996,1.1165666317048477,5.546297643519494
177,0.2540880055413214,1.1001197506854374,5.574819683277489
178,0.16805603889781895,1.1103085430138762,5.535726198858225
179,0.1645878308053334,0.9989114316167648,5.539808980781356
180,0.10561633835144854,1.0193801352655336,5.549847154116575
181,0.11472635937457398,1.0414040304720975,5.511087464194095
182,0.13425760937457398,1.0810542641521819,5.640397809021681
183,0.1352296965846837,1.1203110816529311,5.74588069240604
184,0.11166542397285924,1.1023656245383346,5.747109025966842
185,0.07239393848623431,1.0409099462602265,5.8423337450679655
186,0.11093876308562799,0.9567378091340413,5.954893147647735
187,0.07573446505084783,0.9084639228713282,6.018358931312195
188,0.039242090323178984,0.9680400924035153,6.078944363579042
189,0.00470002353229465,0.9844201087835317,6.149182289209474
190,-0.047384812710671735,0.9880250114511597,6.090878654141762
191,-0.0005901143065602937,0.900150546401231,6.064030244393724
192,0.009647849168813253,0.8961599037701591,6.136073255146412
193,-0.0023767593323053143,0.9554129225850987,6.095944844231484
194,0.0062167668779496265,0.9238218829527035,6.134898953089542
195,0.0020024381603096506,0.9113255156176265,6.147124571316827
196,-0.010238758756722238,0.9153968338824026,6.1465847602507
197,0.04329443182143622,0.9224400599561493,6.12172442505517
198,0.06923184371881429,0.9541142681009457,6.182463139145457
199,0.048036112100629816,0.9767670676450403,6.205751579100564
200,0.050220472083154936,0.881962418436246,6.269836282360525
201,0.10095360991306696,0.9299814580554536,6.288672847457478
202,0.13367766651684054,0.9448766135146004,6.337392913518584
203,0.1209369257760998,0.9870327987253813,6.351065058249975
204,0.07627892690668205,1.049652432304818,6.3572565629296
205,0.04544319203636504,1.0327765041287682,6.431994764048522
206,0.014503488481896774,1.0750339026146594,6.500042929828416
207,0.01628920276761106,1.0649496368320928,6.580540401469799
208,0.08351977007109655,1.1416627135451696,6.616765505065575
209,0.07767006255647228,1.2008545177568941,6.621543662062162
210,0.0849153678943401,1.1985792049013764,6.660711013472735
211,0.10881975036445962,1.1746066021616504,6.689870992070916
212,0.12674886780712813,1.1165384837920245,6.68443545200123
213,0.17583350564209763,1.0118645403271491,6.672353007082964
214,0.2392455512775447,1.0167263266863658,6.7116214309667726
215,0.3034608457086665,1.054322413339056,6.695696115206202
216,0.29265153307008557,1.0800127554190122,6.721615847647674
217,0.27050297197320444,1.0950327361272938,6.775278539300144
218,0.29003704808375286,1.0836041646987224,6.90894390475983
219,0.29679761146403455,1.0838865707986942,6.904028864737361
220,0.21062191885648895,1.0981682846043508,6.907565317403303
221,0.16753085307079518,1.130182823958468,6.901797671152273
222,0.06511161505833683,1.161043679399724,6.947089855750073
223,-0.10306762487359737,1.1664763016337243,7.019935700068097
224,-0.22473101346589858,1.1728776375647012,7.099935700068097
225,-0.21789391477386527,1.1915538254251792,7.148862038747086
226,-0.23320153914831332,1.239292518892516,7.178226262885016
227,-0.23795042387992937,1.2086495640361548,7.192218032432342
228,-0.25941214081728436,1.1605829689770786,7.24325100547927
229,-0.24185261700776056,1.2194397884451034,7.28184460525952
230,-0.18117265717416423,1.2586335174484629,7.384799421742891
231,-0.21463636860397733,1.2699606045691452,7.409909027163378
232,-0.2620637902768718,1.293222897367585,7.507223986674672
233,-0.27159860680388714,1.3555299419929008,7.571541167291413
234,-0.26448218209566055,1.3209307858747574,7.565506079572114
235,-0.2878045458100689,1.3636682557029556,7.559072513138548
236,-0.32018494254285773,1.3814749261382298,7.608518608788373
237,-0.3296714656568466,1.3358668180301216,7.58987992316087
238,-0.28265412801359063,1.3483988218031981,7.564921987098055
239,-0.2814474915128365,1.4228252347858505,7.6110628083200105
240,-0.25291021375996037,1.430247164487573,7.568557849408138
241,-0.25648886631947493,1.4713086170015395,7.495544537588856
242,-0.29918083192872486,1.50811169307954,7.4977741919924235
243,-0.39398861259957796,1.4866380088690136,7.470060881412219
244,-0.3646366800218389,1.4886538669526046,7.445545488025674
245,-0.35128011788478897,1.504009214146517,7.469165372672749
246,-0.32829161213766256,1.5488748898590492,7.46902776430616
247,-0.3367193947589936,1.5571724578132695,7.470498155965029
248,-0.35916987164820857,1.5324206748458524,7.505278345169259
249,-0.38294924409790604,1.5741910759523532,7.555827200027641
250,-0.4389138980007043,1.625672709162786,7.588887237054883
251,-0.5038129268275888,1.636529852019929,7.6117858687220155
252,-0.5488369687917445,1.64723531455081,7.62618139632509
253,-0.5718393900992506,1.6871579557996013,7.682862108571929
254,-0.5635156243127982,1.7355562362045382,7.735419527199518
255,-0.5410669257864245,1.7487436660586348,7.766673987025406
256,-0.4928775107446417,1.7534347262382355,7.812991790003955
257,-0.5621396202964751,1.7285786666960363,7.795921305422457
258,-0.5779711380887772,1.6563992693589655,7.827956654773465
259,-0.6063197206596487,1.6753424398474999,7.848569468143939
260,-0.6014344504894044,1.6915327819564678,7.867657054444196
261,-0.6126474983997,1.71318270412995,7.8481280481259885
262,-0.6464832412480543,1.7181209757348883,7.823093660230528
263,-0.6533010627162643,1.7433451909815252,7.803668215634085
264,-0.6466444817782916,1.7341786418347194,7.7729486196178135
265,-0.589677915556452,1.7904965377752569,7.789346697084593
266,-0.565287671654013,1.8970800443587634,7.817596834221181
267,-0.5744646563590384,1.9875672833378817,7.906454380060391
268,-0.54893934258101,2.0280930226588016,8.012768899432961
269,-0.6275138380726373,1.9799495806144702,8.051353252812419
270,-0.6180331531992822,1.950799108654448,8.077887016675959
271,-0.5842863980795822,1.9334564513117907,8.067802983062514
272,-0.5579284542904457,1.9494608663228281,8.10196964972918
273,-0.5735074016588667,1.9139743123999005,8.139618620476742
274,-0.5510323739119188,1.9616613483793408,8.1675546117976
275,-0.5483828131811979,1.9478026527271668,8.161340075185873
276,-0.602959521389191,1.9654943123733335,8.186499873907483
277,-0.5913480798712074,1.9929895007153737,8.162533510908183
278,-0.5613028061711114,1.990634603915263,8.191348000480081
279,-0.5498687243416583,2.003924541533923,8.264753867440556
280,-0.5396983010321477,1.9801807535714715,8.255115313223689
281,-0.47355261306117363,1.9779118936735702,8.302218272790174
282,-0.45354697767092284,1.9699821287344594,8.31672292522586
283,-0.48167154894270225,1.9946440221314363,8.320776979279914
284,-0.46009672415226666,2.0404773554647697,8.327965369351798
285,-0.4291943755737747,2.023247858566079,8.321276406141095
286,-0.4820084593294429,2.034295264523288,8.301429962565837
287,-0.5121701961792171,2.0833487397201926,8.304623878915647
288,-0.45288698410699935,2.098869804021745,8.294013433828146
289,-0.46212963826619374,2.1428966864795695,8.320969575457172
290,-0.40302262196569766,2.1776413763093627,8.3535766378163
291,-0.39776964988939134,2.2082759496135203,8.324582891369454
292,-0.39454339094704316,2.2101817486878463,8.484303171089733
293,-0.4010545141157898,2.1984778836905683,8.59090355772326
294,-0.3901772715674073,2.1984778836905683,8.560971774345841
295,-0.4483168064511282,2.2166390641672993,8.570845979675207
296,-0.5397231689097435,2.2377246307568788,8.534487313737536
297,-0.5374438800478684,2.238005924709059,8.56663573464109
298,-0.48460297095695926,2.224355911059045,8.634995945858446
299,-0.4546914416773637,2.2421325096263045,8.672932212929766
300,-0.4562835678895507,2.2319724539547665,8.725994550946407
301,-0.43845444222987306,2.2200011850002572,8.732063330447419
302,-0.5677117257752157,2.2006961656952377,8.71505372825263
303,-0.5608974157241083,2.2134609293367022,8.70682049839705
304,-0.5100227996204897,2.1941365452092496,8.685354317757115
305,-0.5035976458269148,2.2405788119327266,8.6543455161322
306,-0.5197959013993916,2.243845393384225,8.615430261894911
307,-0.43845208438724004,2.1816324497516573,8.549084244070608
308,-0.43347558452547613,2.1580296282649507,8.563842374707393
309,-0.43498016666198275,2.1509845664545026,8.57044170130672
310,-0.44340031793927687,2.092340875515092,8.501205637989445
311,-0.4535411630096994,2.107640668761129,8.53626951404272
312,-0.4640376169104086,2.0783778662850456,8.533607815879291
313,-0.46134906448363633,2.131842132515269,8.460242365087826
314,-0.4649956282985031,2.1202822249945292,8.428292610855166
315,-0.5173228905130159,2.080428683239847,8.392733932007662
316,-0.4715150060044096,2.0807053849553974,8.354267165662684
317,-0.45030416178471583,2.145651499532822,8.321760278610341
318,-0.5819022423430988,2.116546917998217,8.352198703631284
319,-0.3888170618049698,2.1270732337876908,8.333803608989856
320,-0.26913991179105384,2.179445721138983,8.31320309734316
321,-0.22848721802259134,2.1618731833375935,8.287932339220417
322,-0.2429880546093175,2.1634399117238634,8.243464083126122
323,-0.24341558774313538,2.1477848718996393,8.154653654011511
324,-0.2168198430622843,2.113645469339184,8.180409533070861
325,-0.22104519517496035,2.1757719460591285,8.073388015517068
326,-0.2646338536599371,2.194722783741084,8.062145898708733
327,-0.3019996374824138,2.1900873012294952,8.087408769117037
328,-0.27693946475127973,2.19296835487197,8.057914387094565
329,-0.2339610908120517,2.139031072642005,8.086779221954403
330,-0.23133351509638303,2.0609016172670405,7.981677465612056
331,-0.24815747898641174,1.9875672188008318,7.904577680974583
332,-0.2562575216182151,1.9975349290352835,7.880722294991474
333,-0.23963241771131566,2.0030506488367177,7.88920457308902
334,-0.2575850009647075,1.976854570405345,7.950814526619226
335,-0.21110465423028812,1.9715667625793896,7.972738463979405
336,-0.193908341119819,1.9530353427660971,7.956016055952649
337,-0.2262992277517158,1.9490523733937581,7.951085661521094
338,-0.24834779040870714,1.9885504483973229,7.920320694780517
339,-0.3021826966960925,2.0441215963063883,7.955145156841672
340,-0.2828260214897162,2.0669426026302817,7.964177414906188
341,-0.2977724399894342,2.1064071124615467,7.954440458068519
342,-0.3116764748858355,2.059091119102388,7.932707308137295
343,-0.2579191670289982,2.05027129549886,7.893231788539024
344,-0.2757487332230176,2.0107559437158504,7.902193597445684
345,-0.26515871809442454,1.9880930541974369,7.934929687975119
346,-0.25585245751912844,1.9997962071645303,7.888629506131505
347,-0.24943683687756638,1.981845066659739,7.904051584053582
348,-0.2543244224103132,1.9845132312433649,7.821247239294096
349,-0.2158576188511072,1.975257809223749,7.830226380059395
350,-0.2443813422405604,1.9805899896532055,7.830091445502656
351,-0.2495081262228245,1.922032705353347,7.812318604625122
352,-0.2102603747919169,1.9401470970235795,7.774394452928515
353,-0.20832880746299856,1.9500536129995805,7.722457580618616
354,-0.2372572333763491,2.003029042626054,7.641633491870596
355,-0.2511421866208943,2.0176765443372107,7.649546602809308
356,-0.28450504460731296,2.013662703506761,7.655889721263358
357,-0.2939442450515106,1.974444280617717,7.667914329764476
358,-0.30564095621154913,2.0086754815155845,7.647158608636216
359,-0.3424610398935575,2.0095380462079366,7.592563272559398
360,-0.35417867350316024,1.965486418822976,7.554515299027554
361,-0.3165396658042723,1.8958325340032143,7.548734952206745
362,-0.32840867767328413,1.8893353588619712,7.517595919155666
363,-0.3406072592335678,1.9225145810539757,7.456649762031074
364,-0.3686006073488672,1.8629770087996405,7.445920738647305
365,-0.37719190695339466,1.852456521534967,7.448632235393509
366,-0.41160515389363944,1.8169535629550855,7.385337597472005
367,-0.3703740272966592,1.7537052181177843,7.371241636506974
368,-0.3450061226014945,1.6909943069816764,7.3056926465385805
369,-0.33030431955017686,1.6644728106109339,7.3760820660830335
370,-0.3329665025402287,1.6486315090553467,7.387865011819468
371,-0.27773355183124826,1.6175843738591853,7.3391449457583615
372,-0.25391098885205876,1.6095429400306451,7.304865653822424
373,-0.2864537356805199,1.604433148565378,7.319237078407327
374,-0.30927474200441324,1.5927622120438865,7.31951316896503
375,-0.2942740410370783,1.6168724301839554,7.2760225895628485
376,-0.31545320531870397,1.628263233165252,7.250207947159124
377,-0.33807389497387635,1.624486359254735,7.212548619233284
378,-0.3579875560238694,1.6196393851514252,7.168146231695069
379,-0.3624371038923924,1.608151495878069,7.073623137171974
380,-0.394455400061632,1.600176121595153,7.037171665937894
381,-0.3674583074408373,1.5695469825223054,7.081295612817803
382,-0.32711980250430694,1.5748960816214046,7.106843058073277
383,-0.38503058111333993,1.5301536680716517,7.1331137605290165
384,-0.4063558995618872,1.478981847242363,7.179703712816415
385,-0.4343701813526041,1.459279508475531,7.1791466097523475
386,-0.44145233432710834,1.4659249866610264,7.188123758827429
387,-0.44495030550382586,1.4606640738215553,7.219254288592585
388,-0.4545243307570519,1.4167878961634126,7.218547574811666
389,-0.42319834019776137,1.4003852605262332,7.219964406775395
390,-0.4087391152122206,1.3958307487129682,7.207605012246857
391,-0.38999976257167546,1.4444389747204465,7.2389289715953185
392,-0.36524657899748747,1.4528558083877812,7.241893931164052
393,-0.35345576196322476,1.4532704593898544,7.245431346130038
394,-0.3544119154941632,1.433924410343533,7.240997650039752
395,-0.3844436798603197,1.4350209015716031,7.231562434092908
396,-0.3852671769780798,1.4234058573238155,7.25410867413611
397,-0.44536734392298793,1.4059918987333864,7.268486327155417
398,-0.4354747492367245,1.4122300327176553,7.170047766395064
399,-0.40950434990692836,1.3792164886995966,7.18592078226808
400,-0.4254927219999516,1.3917676098390692,7.159972121553794
401,-0.42361251786350246,1.4075441332143768,7.143893213298154
402,-0.4060877250364409,1.417537095916699,7.101829276113633
403,-0.3730465921976007,1.3950716581286806,7.1233468299075176
404,-0.411487159264122,1.373391830418702,7.135398322649232
405,-0.5447549587304891,1.3826354184931715,7.150537549467291
406,-0.6409008920729661,1.3846117030781517,7.09942703301024
407,-0.625250595256992,1.3655960431228944,7.152322967714368
408,-0.5845935110680803,1.3496092735528833,7.320110082560307
409,-0.6454654236068845,1.3266500898794138,7.429020973649416
410,-0.6974948433835122,1.330316192530288,7.512736569979691
411,-0.7090695405571327,1.3109080714015888,7.583012752643077
412,-0.7321736449333218,1.3219455989954079,7.651400558191003
413,-0.7624604313176692,1.3964228261509506,7.642563032698141
414,-0.9100104658242254,1.3691907437772886,7.605974311927852
415,-0.8141741920063001,1.39273994478654,7.6510984375621955
416,-0.826554217044553,1.3867685519244375,7.650960942718252
417,-0.8632318251507325,1.3526417954002046,7.618385823369755
418,-0.875933409280888,1.3220652083297328,7.649751389730527
419,-0.8977784071937863,1.3096076771859049,7.664819882881212
420,-0.8728500404316086,1.3513150282808972,7.757206769903699
421,-0.8637616350336467,1.348211190809114,7.757891232600482
422,-0.8645940434687188,1.3201965744875548,7.751896682191762
423,-0.9070714345347644,1.2940097659173264,7.7149293478726335
424,-0.8975715742385922,1.2276226240584864,7.708561684528226
425,-0.9141338567716473,1.136789522916107,7.630460612552728
426,-0.9357454211054099,1.2545625421880555,7.675413728934416
427,-0.9350121757615178,1.2794745759670845,7.637477047711708
428,-0.9309143942156651,1.3242099824046185,7.589008010227155
429,-0.9079688232444805,1.318951194693575,7.55404297526212
430,-0.9163078526361415,1.330673715725157,7.494651635940495
431,-0.8756802258499268,1.3205193131656912,7.390129567161725
432,-0.8828682649528595,1.2996771183549722,7.504491687658814
433,-0.8838468753261295,1.3254908108353314,7.576518488328831
434,-0.8715611996139653,1.3766041002905898,7.62107979472241
435,-0.9301032767318937,1.3384850129227546,7.608810721248992
436,-0.9635519503189757,1.2633749745868181,7.596280804312486
437,-0.9522938585655278,1.1935384218379326,7.585917394059619
438,-0.9836079567468488,1.158224037686339,7.61317510331072
439,-1.027335555313157,1.1508058558681573,7.5755768188218
440,-1.0187437393818914,1.169510490150681,7.560655608390897
441,-1.0301698925769824,1.2201903418194078,7.494927285459016
442,-1.0715762560812683,1.2502228093518752,7.508571998132855
443,-1.0552327657765592,1.2232492180512116,7.519998151327946
444,-1.070084250925074,1.2085082381270222,7.513920803261647
445,-1.0402293402107883,1.2393732900301364,7.46595032355685
446,-1.0289777774937443,1.1905928022252583,7.419861528630846
447,-1.0403698308418965,1.1872733001505695,7.43836996630096
448,-1.0808682732094976,1.1542097797774045,7.444401667801872
449,-1.1053795075252257,1.1553107982194635,7.491879851502508
450,-1.0795560556148174,1.0765511933896061,7.545101989485828
451,-1.145937211931734,1.0203683611218874,7.532045692981546
452,-1.2495516697630593,0.9709419342701667,7.581654752027111
453,-1.2121185146828455,0.9400610462667514,7.635135807970211
454,-1.2291631688594902,0.9634261783004856,7.556849249624568
455,-1.3306653449089076,0.9631583689807213,7.5212567226915255
456,-1.4082071724507352,0.9605351465590728,7.482514133418121
457,-1.333165941004886,0.9189322524446997,7.472052423277237
458,-1.3112103975710936,0.9213587007310206,7.451044596832091
459,-1.2623376906672985,0.9253897977652848,7.431258578951393
460,-1.2562842431551178,0.9120761882978292,7.45659305091268
461,-1.2439703829031132,0.9342447903186406,7.593998678915425
462,-1.2172248874076177,0.9478031743806218,7.660458830985265
463,-1.2336727104898568,1.0088534091892172,7.667637185485541
464,-1.2824497499356367,1.0352121048413911,7.679504597844018
465,-1.3053590963867963,1.0022826679205072,7.691819179428121
466,-1.280098642554914,0.941885536094804,7.706529143347077
467,-1.3234109314992686,0.9191834319973511,7.6697201485672615
468,-1.3630646595082045,0.9319031690275069,7.6442999513176435
469,-1.4538232801978597,0.9294595870237696,7.566240291434733
470,-1.5250238353678804,0.8722764884322203,7.496176597167217
471,-1.5777147342126254,0.894691312102274,7.570185999450629
472,-1.5272406684011364,0.8959943380180116,7.6427226870816565
473,-1.4978415575449768,0.84794331037804,7.595811777253347
474,-1.488718750527433,0.8470996658336081,7.525513950583103
475,-1.4945667037438073,0.8337180098536806,7.484631755854754
476,-1.4704703182016385,0.7932721044656572,7.51483262676359
477,-1.4650604139153298,0.7367394411490743,7.432454306688087
478,-1.4897622878505938,0.7881336456323985,7.410119709132251
479,-1.4635724821620555,0.7955864004899976,7.418771676757146
480,-1.453559790017083,0.8175723180068822,7.385589795991622
481,-1.4688121471995566,0.8483956818351722,7.39114998503805
482,-1.4564630421627867,0.8243142176821517,7.36531768775942
483,-1.4753870756853604,0.7775694076270747,7.360379067750954
484,-1.523006123304408,0.7522724125187589,7.327573637886701
485,-1.5660153889661423,0.7162628847059523,7.265619489415085
486,-1.5472636397358037,0.6503946212328985,7.173090906591368
487,-1.5439542078549433,0.578170813068468,7.101767161360961
488,-1.59927924243309,0.4787372070269324,7.2558944839317805
489,-1.6121440923431742,0.5509887998153288,7.298849569981871
490,-1.6128293054444487,0.48358852471216507,7.29513740550443
491,-1.616014459855195,0.45740066208083374,7.295539173282654
492,-1.626270129362634,0.4592649959400048,7.19272284125193
493,-1.672670129362634,0.4269161914393016,7.22159212753902
494,-1.7314142211924788,0.4188794520592786,7.184739813878726
495,-1.7872249379635297,0.4375308150434967,7.132196259871757
496,-1.7710573574770965,0.4617298146379269,7.092272564545419
497,-1.7593679614292257,0.4683377441533454,7.019829182916498
498,-1.7872742859278934,0.44893353535312674,7.034886001098315
499,-1.796470931857025,0.4605091856323042,7.018682297394612
500,-1.807173456555159,0.4158046305624974,6.964203218484194
501,-1.7930320424137447,0.3754407874698311,6.93827780603445
502,-1.783875549627951,0.3276196216520609,6.809007132488222
503,-1.8260543205776716,0.3061315351150049,6.787632204700817
504,-1.8501169954517622,0.27678974288661473,6.894972160550706
505,-1.9343545739783186,0.29491578862002243,6.897195618027082
506,-1.9846524816962068,0.22629392073847346,6.917117095415478
507,-2.0061744960442165,0.2632996896986536,6.9210309897403315
508,-1.961323997705346,0.32298875133108,6.827651011268856
509,-1.9717635581449064,0.36205774551229364,6.812010599827402
510,-2.02048001088703,0.3599002482091653,6.7744584440554965
511,-2.044426923754889,0.32387918974421653,6.765190218851457
512,-2.0277108277721445,0.3335988685722205,6.721492516633368
513,-2.0649247022279793,0.3614152802551134,6.664008636814462
514,-2.043095625326852,0.37464353806541456,6.599274609232138
515,-2.0194253384986705,0.3797922794841789,6.635498225889297
516,-2.0634013262133153,0.3429689763789302,6.613464559541958
517,-2.0387082261709844,0.348975401857349,6.606736216396458
518,-2.049561848934258,0.35917104804087063,6.633439971612035
519,-2.0820548461331376,0.3853933916628318,6.558156462935987
520,-2.063419603600937,0.33432255146513823,6.5969327946145055
521,-2.076875085994295,0.27268769790255626,6.5873009170581
522,-2.1765605775846137,0.2835541548656675,6.553766727904314
523,-2.2062891428582025,0.23525667659240918,6.5229122975245675
524,-2.222534375235657,0.25411912580889207,6.520415764930948
525,-2.236126046722065,0.3254648334655046,6.52739880611664
526,-2.2439418773316997,0.36280202594017896,6.494232696863574
527,-2.2425491196715326,0.3842513013024978,6.511124109212758
528,-2.2309180674670426,0.38508718873632336,6.46039748458978
529,-2.243386895397217,0.3714949557266146,6.420060665358489
530,-2.248638847136039,0.414899451697207,6.409770928017573
531,-2.2690470104013447,0.4624795471300632,6.374614147781385
532,-2.3139063026833173,0.45254530898818546,6.366051129317376
533,-2.3368435438429223,0.4206556000340008,6.341497557888805
534,-2.338604623972068,0.44631785168962995,6.298833387767099
535,-2.372156064874198,0.4599821015501988,6.28851260673502
536,-2.4156466845444653,0.4528415627640904,6.275467298837699
537,-2.4102558489649506,0.42295364246521117,6.278488446873953
538,-2.348022780020472,0.4389693772221654,6.231633233703839
539,-2.352190045432169,0.4593662901218346,6.244544031825905
540,-2.3990736637443586,0.484198308818884,6.1847343997758975
541,-2.376052888898766,0.5450623895505143,6.103882173608183
542,-2.343794824382637,0.5767491198673816,6.0686510574864245
543,-2.4077948243826373,0.6164461320710568,6.087552679751642
544,-2.4545935611038545,0.6214684534996282,6.007353957253416
545,-2.4464975253696277,0.6290410818901004,5.918749889267905
546,-2.441234367474891,0.6074700603190789,5.941817133780696
547,-2.47993929757055,0.6205530216858636,5.947612555397619
548,-2.4822901644527127,0.5723349923357588,5.9609458887309525
549,-2.5467735726544225,0.521616480078785,5.945092046061467
550,-2.600101029683951,0.5307907920053905,5.938205187312346
551,-2.6217171619920894,0.5425350286300099,5.843896244222915
552,-2.557887374758047,0.5666773412094254,5.781764849352527
553,-2.571016793312368,0.586657502751157,5.749059200194945
554,-2.4521795177352805,0.6659342760474019,5.75714086757053
555,-2.4574368503307427,0.7041579972390826,5.783801891692408
556,-2.49384759627374,0.6999420309668127,5.798683282586765
557,-2.4897785630199163,0.72721475823954,5.706438384627582
558,-2.493047427089652,0.7417439563395679,5.675048250098434
559,-2.462822902046474,0.7320209156795797,5.610402327351653
560,-2.4695535335801986,0.7510672106886163,5.505329863583537
561,-2.451940457632615,0.7557946856608075,5.518487758320379
562,-2.4643967207536788,0.7349817229565192,5.457851993021402
563,-2.456735486598504,0.733855596830393,5.383391122276793
564,-2.428581723739814,0.7413011092170182,5.374908296522378
565,-2.4787151319689955,0.7335600817715573,5.387280832212385
566,-2.541992280352527,0.8111512803818641,5.353163664888747
567,-2.5440159866260164,0.8428055605910576,5.328280760907482
568,-2.529649421541123,0.7909456637678157,5.2928546906024625
569,-2.454380604336822,0.7666112807159978,5.342030476722424
570,-2.4069113449716517,0.7850438120231598,5.33282386962792
571,-2.3565127117142484,0.8247733132911226,5.305716252387476
572,-2.2936623133666534,0.883712685917371,5.341199214933237
573,-2.262397282101622,0.8797399276880861,5.330022176158572
574,-2.2282675892688575,0.8694419735483085,5.319484335731584
575,-2.241695925799414,0.8984213939599003,5.251528386228495
576,-2.2288968161722575,0.9500351757929385,5.2588040531646305
577,-2.2391161921090337,0.9764916528320063,5.182005564839621
578,-2.2775293783082233,1.0235935939206449,5.133904990912318
579,-2.2779583787372237,1.0082518923864747,5.094905528835933
580,-2.2732676721995513,0.9952013214239951,5.063205240651495
581,-2.2564145774941076,1.0054682618757405,5.050334507579307
582,-2.2281087050817714,1.050182587020648,5.02714177734738
583,-2.244938794354419,1.0758588193424934,4.963475632923508
584,-2.133077373332693,1.0438146204474659,4.838165116776668
585,-2.172034886567388,1.061782054473294,4.828752049224066
586,-2.200982254988441,1.121422577349111,4.782677194474708
587,-2.07343508517712,1.159064426228159,4.797955928129216
588,-2.0196156407326753,1.1279376082316932,4.815324276051962
589,-1.959419788198113,1.1465045178727329,4.781805481100137
590,-1.931437051180154,1.1422851085900325,4.8023249243488095
591,-1.879720282409674,1.1408857243191117,4.81357668243601
592,-1.8721762757038902,1.1273703279139284,4.865420616161291
593,-1.8710251965671996,1.1373674715871647,4.8916278796972765
594,-1.8868095239872302,1.1345013599452922,4.947747601771034
595,-1.9030908210182877,1.1599663098737614,4.96291496578777
596,-1.9116479175069274,1.1716427068712594,4.996656874615756
597,-1.8412425532887013,1.1163634685594788,4.953274420408346
598,-1.8168455474666887,1.0527158087500075,4.899141788537932
599,-1.8193068186408599,1.1305190124113347,4.831611995982393
600,-1.7543975215887058,1.1949640688696106,4.765327216931657
601,-1.7338165844992297,1.2573248706513478,4.717002120830613
602,-1.7309053763478468,1.316748557401658,4.655035412200036
603,-1.6934542863534365,1.378743943791508,4.608319095341539
604,-1.6906445083259007,1.3608145048094376,4.60162602062497
605,-1.6938329141230022,1.3817955084952895,4.525379283435796
606,-1.6780725847179192,1.3782926361399581,4.5077154657719785
607,-1.6601253048525237,1.4266554255631667,4.510382132438645
608,-1.6305260979413214,1.4153536256468837,4.483424130168498
609,-1.7318645300636923,1.4115566913197848,4.455728513067126
610,-1.73130051427125,1.401226989890607,4.366238538635691
611,-1.7478847447047676,1.3742758388518646,4.2749893736390305
612,-1.7672337772531401,1.3473077102765445,4.261139741078262
613,-1.7359972722869677,1.271647565249865,4.1665077543599445
614,-1.739003886838982,1.3146175494520769,4.084138795884791
615,-1.733386718467961,1.4226836604847086,3.9361651860827176
616,-1.7082610903272575,1.4555830024978684,3.6452406737841594
617,-1.6943036675160352,1.4068267835923958,3.8267322674039326
618,-1.666911952497819,1.4762482711957015,3.883702960364765
619,-1.6656697164729743,1.5082757626046361,3.8060197322560634
620,-1.6364166633630624,1.5986002291348904,3.7635351934015326
621,-1.5869806516655272,1.5747212161340944,3.7233718169549705
622,-1.5348930683661934,1.5806061020247217,3.6817641181154572
623,-1.4811266163919565,1.6040512796184323,3.595557221563733
624,-1.4499548935976343,1.5962282421218044,3.5178914541350803
625,-1.4142798112705213,1.5887833762698589,3.528979173433326
626,-1.4176280255562355,1.5379919103373056,3.4955522071411913
627,-1.377373495192423,1.5623617752586259,3.445130878228358
628,-1.376955260144326,1.559331472228323,3.4054029870718954
629,-1.3673804924732473,1.551842423196247,3.366818225963106
630,-1.3578318813621362,1.538753417960645,3.3141866470157373
631,-1.3576937025587645,1.5564525330048928,3.2232532423620865
632,-1.3714113137545523,1.6024295444991457,3.186999465927041
633,-1.4099257566706458,1.6136939770533558,3.11560107133473
634,-1.4299992652937727,1.6363618061727978,3.0709465258801845
635,-1.4410474239339994,1.6801521866465954,3.0095021461480935
636,-1.3550551503612422,1.715980101987583,2.9199602996086145
637,-1.3051629864503866,1.718974113963631,2.8365169794736973
638,-1.2861022129697237,1.7196899335770883,2.9344085457387576
639,-1.3359389302776892,1.7070636709508258,2.926932672420829
640,-1.3359389302776892,1.6676588762415394,2.8868448086097365
641,-1.3196731162918696,1.6689972060059934,2.816937654049387
642,-1.290099039597374,1.6398579553010115,2.7926818657362666
643,-1.2712468078258186,1.6684869295493212,2.7642288270622335
644,-1.3249390093441071,1.6465870020656375,2.730745428075177
645,-1.3619128432462686,1.6743770329434495,2.70129014898977
646,-1.439990487928041,1.6869743436299323,2.640406307150941
647,-1.311358650525231,1.6806815939719295,2.6033487850270474
648,-1.3016066304639327,1.7077908609152213,2.5359315119253036
649,-1.2860879808587053,1.710137306739928,2.455535803411997
650,-1.289897773436665,1.7387863223543203,2.407735176965041
651,-1.3337280358598922,1.7151357936954443,2.357375464734825
652,-1.2896424836992637,1.6776131266568057,2.3609240807745695
653,-1.2611033483502951,1.6707525339015916,2.276421073040396
654,-1.2769407695135748,1.6987394638632338,2.24144824316719
655,-1.3104713415056852,1.727130631055663,2.212262375271645
656,-1.3035391680654242,1.7202243590331119,2.193523488662426
657,-1.3774848641948292,1.6644968048535453,2.123254693465264
658,-1.3411898583876283,1.7099638756719526,2.032844486303788
659,-1.337716188803079,1.759206299914377,2.005393505911631
660,-1.33217562906448,1.7663270845442305,1.9582759144441002
661,-1.3017765511218204,1.7842733805906479,1.8832793929469527
662,-1.2909234119543525,1.7980785005477582,1.8103440558450639
663,-1.2425431006375667,1.8544887569580146,1.7129317810855462
664,-1.2282181114898312,1.8578850346376776,1.696396134568875
665,-1.151514376103461,1.8344159221477936,1.6394701383639414
666,-1.1315871033761882,1.8234862230518551,1.6238322782816368
667,-1.1105374261379057,1.9658230120683864,1.565375094983689
668,-1.049856759953981,1.986874214024111,1.4935364169273944
669,-1.0464127594029409,1.9634303983410066,1.4389604303614834
670,-1.0785839802940433,1.955486410189667,1.3838466382035453
671,-1.0569182515377125,1.9162254402127616,1.291700338231898
672,-1.0876408824334285,1.9329711840028816,1.253843292994779
673,-1.0902488221610436,1.93127387141448,1.2173712364145544
674,-1.074894827279042,1.9051180676536994,1.1774366582490916
675,-1.0604302932039376,1.9553818832604752,1.081331306609977
676,-1.0608430047185888,1.9841471478466353,1.0478436943039602
677,-1.0671530184360098,2.0101174674813382,1.018738806879468
678,-1.0594488581894768,1.9777453238469531,0.9943685987743202
679,-1.0333857580523025,1.9830734225569924,0.8554061847986717
680,-1.042249797326815,1.9596348260657643,0.7807299654544998
681,-1.0182126490066838,1.9147806708648838,0.6257173285547526
682,-1.0193100426966701,1.9080219285786657,0.7004100483782635
683,-1.0928110098146586,1.8889852974855015,0.7028020562578189
684,-1.0561007081641178,1.8729764650262135,0.7328740596462137
685,-1.0569481657912365,1.9073340069256548,0.7547758417166802
686,-1.0297503635934344,1.8805870527175608,0.796448475255274
687,-1.0618880967354718,1.8959505643773686,0.8069690381737055
688,-1.0905335552067543,1.9126172310440352,0.7325052044185436
689,-1.062937538137053,1.960574098240403,0.7789126064714568
690,-1.0020583258225335,1.9851393756348275,0.8632395709880492
691,-0.9618999547818096,1.9660581035500218,0.8396782401298455
692,-0.95593574007008,1.9238160239399487,0.8188043186157904
693,-0.9371471814609942,1.8857764171583558,0.7668873857084422
694,-0.9175065629904551,1.8397500741067057,0.7603991456435598
695,-0.9208223960935222,1.8710544219327927,0.7339892419296671
696,-0.9293982431341521,1.8580179491043176,0.6865772055215703
697,-0.9228432540591339,1.9068328475241823,0.6058812197700976
698,-0.8891567558249585,1.904221881466741,0.5765889983265097
699,-0.8807682348536561,1.9184082514250165,0.5214556557812561
700,-0.8778880505218588,1.918126719893485,0.47869966449585305
701,-0.90119642741125,1.9670989919310076,0.4438653399419023
702,-0.9185560189502726,2.009165620954158,0.51619330480281
703,-0.9077676372075341,2.0552091831267525,0.5020600483851578
704,-0.906532561044504,2.0872918367428483,0.4607832184456972
705,-0.8302127178852826,2.074480154692979,0.44506209746141834
706,-0.8138565807781855,2.0257332530130014,0.3794701019083333
707,-0.8069542001611971,2.0003553581301836,0.28169585707526495
708,-0.7821928223772713,2.0541968584326638,0.24925969420431948
709,-0.7135275832623533,1.9749159860483432,0.27673449746263784
710,-0.692107064660324,1.9709054757454805,0.23962593076378283
711,-0.65238776641471,1.944552798425604,0.21617579599289333
712,-0.6427683603084783,2.001259764458995,0.18107540598855995
713,-0.6276699921523093,2.0226854483290935,0.19008965431656227
714,-0.5904758187680639,2.0509038956125414,0.15489241696764475
715,-0.5806678342398142,2.0727814918462717,0.1463593003483843
716,-0.5602539246241588,2.105745361142371,0.12302688201184847
717,-0.4971752209204551,2.0689606199979567,0.0808079996508702
718,-0.47344339060304186,2.049062950867769,0.07995862252742739
719,-0.4284034818231103,2.082010927746382,0.046120310195557075
720,-0.46532254943567725,2.1115563822918366,0.0619546585512209
721,-0.4850575367488997,2.1368763600325154,0.01168902716585106
722,-0.46397622311058045,2.169258357837126,-0.034790238072111644
723,-0.45682033704351155,2.131785710134719,-0.023251241825761028
724,-0.4690506517336311,2.149247875443217,-0.02788718401283493
725,-0.5244169208988781,2.1817926783106003,-0.11787383287798847
726,-0.5288812066131638,2.228908612062742,-0.11053412923583364
727,-0.550024063756021,2.238409481860681,-0.170683484293539
728,-0.48840459598883723,2.2861615064348224,-0.14540374952354312
729,-0.4953290045289411,2.275716206819649,-0.14099846317993078
730,-0.4878456342406927,2.2407473805794758,-0.15702001429293233
731,-0.49266013438229567,2.2369822153305563,-0.24502667725795177
732,-0.47016690945004636,2.26185096360356,-0.3369904576767407
733,-0.4784404891521975,2.200175691084914,-0.3723697125681907
734,-0.45483411827620207,2.177389499244281,-0.4043207662731533
735,-0.40959404056318516,2.1676407693252915,-0.4617825273314418
736,-0.3949296299596883,2.1508761898726476,-0.3631354021905173
737,-0.3487415386964718,2.1515640423970663,-0.3685454249695606
738,-0.3882133746284847,2.1244468125263944,-0.4559709146090724
739,-0.4184077769447676,2.125275084199503,-0.4452403545620343
740,-0.4742979576423443,2.114157638361419,-0.5391533980402952
741,-0.46112161898240595,2.071322001301066,-0.6518495463997817
742,-0.4105885994614313,2.107240939106796,-0.5277324929184497
743,-0.38349720321254765,2.0709152606099273,-0.4248017269549781
744,-0.3975982607918661,2.048239523648476,-0.36354202031131977
745,-0.38062271181195645,2.0938925605678884,-0.3481619552418137
746,-0.3695177701129004,2.1294326302542994,-0.2653935936598928
747,-0.3921085622204211,2.154294879951921,-0.30085073263557544
748,-0.28508462056828854,2.1254473989305267,-0.32692373704793004
749,-0.22324232562811266,2.087820130227561,-0.37592150987643785
750,-0.16968828473229963,2.1039315447551417,-0.47181192083534196
751,-0.18634348087820465,2.0795006730172183,-0.48244581118197916
752,-0.1706721551687595,2.072153964907583,-0.5372516497939318
753,-0.18752298389804126,2.0761140905391544,-0.5844189037923053
754,-0.16167576965335428,2.080927733779424,-0.662842197295945
755,-0.23127386515818554,2.0279212963051054,-0.7060588274928815
756,-0.19354880085409865,2.0092614150498043,-0.7566866120210306
757,-0.19082474746265218,2.042375888358397,-0.8126954628023887
758,-0.17667582649652383,2.087695668112738,-0.9108154024208874
759,-0.14843662383871653,2.077452929232424,-0.9300354581311938
760,-0.19508146835590148,2.0592354404431865,-0.9776545057502415
761,-0.19381117901221764,2.0817472887844186,-1.0110756678636792
762,-0.1910069165332496,2.0850232920604217,-1.1153582040149583
763,-0.2325110948062301,2.0320047709237046,-1.128245508648904
764,-0.17700202925532355,1.9687344340297028,-1.1453206945481054
765,-0.1594629035132836,1.7919810403645444,-1.1475233377199114
766,-0.10387615449587764,1.9408376490226775,-1.1620408441246937
767,-0.15072910397372127,1.8967933276930375,-1.150251866818475
768,-0.1426552862113222,1.8577026706373125,-1.2020820278726476
769,-0.14367614081245972,1.9044904800521072,-1.3723409603187635
770,-0.13272976420167962,1.9179774145842792,
771,-0.12350567304595525,1.898148979764985,
772,-0.12031875327319648,1.892047092437044,
773,-0.09257090844561028,1.9109626031558336,
774,-0.09988798161634199,1.895830739774943,
775,-0.10016255602600702,1.9157163295325021,
776,-0.09724710413096328,1.9035683449935734,
777,-0.14199363485880243,1.8271725146351556,
778,-0.11311328203478763,1.8386986915550279,
779,-0.11213027403029388,1.8309298487037262,
780,-0.10803973680640515,1.7762973882491204,
781,-0.12565014049104345,1.7685235366590144,
782,-0.155012556598426,1.8970715715935123,
783,-0.1798219814078508,1.8847963789015338,
784,-0.17593956321594842,1.890439556444581,
785,-0.16928328223591727,1.8492786802062666,
786,-0.18141452017360682,1.809552067647531,
787,-0.17585408704513156,1.7530139406541996,
788,-0.11936020236254566,1.861146201601474,
789,-0.12474458764522589,1.9397702802255525,
790,-0.15158239394627607,1.92652795940644,
791,-0.1538220356036109,1.9047082805262423,
792,-0.1345289782877399,1.906794801600105,
793,-0.1733681985720723,1.9002461043728514,
794,-0.22904873850458074,1.839826523953271,
795,-0.20715092828560264,1.838295130385124,
796,-0.23985316580711727,1.8181953057527216,
797,-0.2533432152261102,1.7685459368887664,
798,-0.27481396133453745,1.8162893703527048,
799,-0.2580218362621576,1.864124147168161,
800,-0.2555294518810997,1.833520342370808,
801,-0.24655718434439497,1.8283105809230427,
802,-0.2443306327162291,1.7801720291706902,
803,-0.2741630806116112,1.7862527367439351,
804,-0.25646020566471983,1.7661405462938051,
805,-0.2600916784286741,1.741844046636976,
806,-0.24825488689546144,1.727968783847908,
807,-0.2658575692089568,1.6745315447719271,
808,-0.2526959898194301,1.6566280324034701,
809,-0.2279256029560847,1.6379158694975813,
810,-0.24457345848655873,1.6400128917260168,
811,-0.3401597027324293,1.5983687597627934,
812,-0.426172111079863,1.6216639736552119,
813,-0.3574785788842514,1.6319760869509632,
814,-0.4541617122646325,1.6081963622951434,
815,-0.5078460776124778,1.6083352318965876,
816,-0.36364945877457466,1.5861971602391451,
817,-0.4179406978047695,1.5385368482807396,
818,-0.43947560169261457,1.5285071830737895,
819,-0.5772210562380691,1.5632039390681478,
820,-0.512593675821215,1.527228672064213,
821,-0.6710967823087167,1.5797387701600005,
822,-0.7109303138188238,1.5628976231413387,
823,-0.7269602763656402,1.6106470148688325,
824,-0.7123336404918912,1.5775518114864153,
825,-0.7282018126005272,1.596201515115156,
826,-0.720309035236417,1.604422301961897,
827,-0.7086862604828492,1.643984079198659,
828,-0.7099569085133448,1.688951959284312,
829,-0.7391150193963016,1.662447265744831,
830,-0.7774116755837838,1.6686619550103678,
831,-0.8015047246006766,1.6903771831577015,
832,-0.7668470745584112,1.6766557694362878,
833,-0.764590337534649,1.6434197800050543,
834,-0.7672230103904062,1.6848705572071268,
835,-0.8124687294492953,1.7140936505784738,
836,-0.8307807217389828,1.7544763718392027,
837,-0.848993343509419,1.8286978013905815,
838,-0.865066019959454,1.810903209825498,
839,-0.8487693073997462,1.8161328918042967,
840,-0.8576739010393222,1.839966201351892,
841,-0.8978846608840254,1.8136392972268744,
842,-0.9229898311920727,1.8497398731504593,
843,-0.9287495678898237,1.8646326180609663,
844,-0.9314922996506575,1.908402720144591,
845,-0.9911769843353422,1.892502663358674,
846,-1.0130829421977672,1.8934804535528351,
847,-1.0488419515201548,1.9895288293087063,
848,-1.1018048637960547,1.8835878239077923,
849,-1.090127435577893,1.864651086637488,
850,-1.1066494182158095,1.8361907229001562,
851,-1.0976839991180438,1.8499009702499796,
852,-1.1027415995676082,1.8447756855119386,
853,-1.149860532295397,1.8362819142775104,
854,-1.1753786487482378,1.8374023624567821,
855,-1.1849426431223589,1.8819457923008802,
856,-1.2583667621733206,1.8710593226274743,
857,-1.2226328424372017,1.8974829484576283,
858,-1.1879733683980918,1.8843013194857954,
859,-1.218533640044951,1.9033879870950134,
860,-1.2238724490798585,1.8705964273573459,
861,-1.2532801530699178,1.830507029396737,
862,-1.2463798689405714,1.8870146062272142,
863,-1.2532044373869784,1.9447041880840532,
864,-1.3033157959615886,1.8607347224351982,
865,-1.3534075131903174,1.8586359397291676,
866,-1.326900816761746,1.9109670529546672,
867,-1.3084120707810385,1.8977944072147568,
868,-1.2984293741219144,1.9257759339737897,
869,-1.2797655926775,1.9320881797305578,
870,-1.2771347060687128,1.8974229980515935,
871,-1.270102357264212,1.8342421701648832,
872,-1.261463354290129,1.904119675732812,
873,-1.286092555542,1.9150569594099545,
874,-1.3269426797484587,1.9068040569061078,
875,-1.3307353472579404,1.8842923763171229,
876,-1.2138997616723548,1.8474065725877096,
877,-1.1803691896802444,1.8958871379587343,
878,-1.135193188540156,1.9075789255344493,
879,-1.1589181494721066,1.9013591605033504,
880,-1.2397750948763913,1.8800348058456624,
881,-1.2686509008758307,1.912663812601448,
882,-1.2710090642826832,1.8437222118246412,
883,-1.268207943834504,1.814757082465811,
884,-1.3164910644765249,1.8084501448344166,
885,-1.370355233094792,1.794889401090533,
886,-1.4098837655081884,1.832280460972456,
887,-1.4218632292845717,1.8317264443519572,
888,-1.385576309453348,1.8386946094018275,
889,-1.393706390754161,1.835808804812024,
890,-1.3812813067021217,1.79831049697393,
891,-1.3584158942563909,1.8129557408243495,
892,-1.3303517476355433,1.7871637587665978,
893,-1.319118908916919,1.7490040835297913,
894,-1.328753366270277,1.7328029662113555,
895,-1.311495841186665,1.7270400682969758,
896,-1.3245641776963302,1.6941523677622163,
897,-1.3386256111434292,1.6598674340099966,
898,-1.3335509001200292,1.661582247359159,
899,-1.3943274126731915,1.7739710221709317,
900,-1.4121995154377824,1.7616356098355195,
901,-1.41108592969168,1.6997408729934143,
902,-1.4347036012671177,1.5553602331246694,
903,-1.4073118862489016,1.6276048027143717,
904,-1.4578729057806927,1.7026324882071735,
905,-1.4491306609978387,1.737086032403728,
906,-1.4976197685171642,1.771239037868209,
907,-1.485985569382965,1.792008907710358,
908,-1.50555136943657,1.806041508702562,
909,-1.5404254353098057,1.7881024181727332,
910,-1.5022898420894668,1.802538842381506,
911,-1.4794941431647357,1.8130621643382752,
912,-1.4931120008089867,1.7769345888372874,
913,-1.5337204094759402,1.7539011251258576,
914,-1.5438444648017637,1.7978280530299156,
915,-1.5528005241356568,1.812904846041047,
916,-1.585112040291415,1.7775297600121414,
917,-1.618314882106697,1.772599603890531,
918,-1.6181654276155897,1.7705640495412298,
919,-1.597434071439373,1.7623896626202489,
920,-1.643099917761495,1.7499807065911148,
921,-1.6327846482569186,1.705249394672772,
922,-1.6348928703229761,1.6694196532934618,
923,-1.6228685387343498,1.6582026033775896,
924,-1.5893928533782402,1.6971854174058136,
925,-1.6062675961413078,1.7001187879882973,
926,-1.6780379310695375,1.7008199519204246,
927,-1.6911312207585718,1.671457071033998,
928,-1.6899768196041707,1.6741029420825984,
929,-1.633677284211987,1.7087627623650117,
930,-1.6244155026810692,1.6756388331816878,
931,-1.6027997231620204,1.7258004181191615,
932,-1.6350577876781494,1.9426540275525812,
933,-1.6579672951237392,2.0649561858259626,
934,-1.6825843629574373,2.1080331089028856,
935,-1.706331789175694,2.349552980791079,
936,-1.7022289445367442,2.5624393543217714,
937,-1.7086146405776126,2.6291243159024518,
938,-1.73618220814518,2.6487755752437194,
939,-1.7423206806648088,2.697281482123497,
940,-1.7486811046930775,2.743588300305315,
941,-1.7870392080193336,2.6956604739732035,
942,-1.7947606736939088,2.771570838118862,
943,-1.807586607450075,2.859584249686339,
944,-1.8313303954125266,2.934549284651374,
945,-1.8753398359234248,3.1143293788966977,
946,-1.8977899467881698,3.2172726667646088,
947,-1.9136717310721085,3.204038589014402,
948,-1.9623968679029722,3.188081142205891,
949,-1.9645327072878505,3.18262857950142,
950,-1.9899529045374684,3.1636223345923784,
951,-1.976930286305803,3.1155321999400014,
952,-1.960247796138978,3.136583364027552,
953,-1.8680101013919768,3.1474046736834898,
954,-1.7023120149284756,3.138024861279738,
955,-1.6966183612692616,3.151915739125936,
956,-1.7333473979982983,3.188581450956357,
957,-1.6930225590176207,3.1946857794802193,
958,-1.5019858266392347,3.134657728989336,
959,-1.445534213736009,3.1150552615458813,
960,-1.446516394176587,3.121984308109074,
961,-1.4822104451680884,3.125394484074154,
962,-1.484835117084099,3.0672677623110687,
963,-1.487658380776928,3.0430472723333404,
964,-1.4668250474435947,3.033934696979352,
965,-1.437260306135081,3.0089481306171812,
966,-1.47537593782673,3.016784682534338,
967,-1.3922771376489784,3.0302700154969404,
968,-1.3876507532384919,2.9826377035192246,
969,-1.3707968206542223,3.0068964636270414,
970,-1.387784045138288,2.9877741634482,
971,-1.4106764371876368,2.9441545481677878,
972,-1.4328560647889512,2.9352009199438136,
973,-1.4782548377950862,2.94367435639304,
974,-1.4659631142222918,2.946346724110838,
975,-1.4874056093489973,2.955729163545091,
976,-1.4885320526044183,2.9611662191703525,
977,-1.4955043119131262,2.955490850271374,
978,-1.4623713607038433,2.912770220704201,
979,-1.5221233336463462,2.926917860429653,
980,-1.401314085091433,2.910954348457019,
981,-1.2802702205717216,2.9201057627665032,
982,-1.1817178820416547,2.8700718644614187,
983,-1.026130693429555,2.8268611247047413,
984,-0.8805188970308595,2.835812900621576,
985,-0.7941602611672731,2.8670586367383724,
986,-0.7613574930011832,2.8557655819670567,
987,-0.6945609441562068,2.841437385157108,
988,-0.6181749645444208,2.872168282167075,
989,-0.5275922525863981,2.8389280587033876,
990,-0.5016397401623229,2.826544588548942,
991,-0.5078544294278596,2.822148984153338,
992,-0.5283708285904556,2.795726504075049,
993,-0.4916143751673355,2.7916936852737697,
994,-0.4877048526875813,2.7637777095966,
995,-0.47808256344443895,2.739501204316117,
996,-0.4847752572536972,2.7334371794959225,
997,-0.5474305153271171,2.718536517244267,
998,-0.5212240138234654,2.6954499074779315,
999,-0.4914621090615606,2.6975260320454053,
1000,-0.5035174744433139,2.706800905569857,
1001,-0.45307409604529086,2.6976214897145026,
1002,-0.4473718151329259,2.713552177249438,
1003,-0.41919871028250477,2.746642474501261,
1004,-0.41384508954426863,2.708829133614701,
1005,-0.407637414600702,2.6742509870033593,
1006,-0.37646037847929015,2.627976248935839,
1007,-0.3199648235610223,2.659230877879699,
1008,-0.34629184789573125,2.638927030087565,
1009,-0.4186370742389833,2.7063895509093308,
1010,-0.4337693044751592,2.6895090647513293,
1011,-0.4514782142703999,2.6857259626075716,
1012,-0.40758130121460834,2.6592948672012113,
1013,-0.39866410376237904,2.6926903093683316,
1014,-0.4440796993065093,2.652323862188257,
1015,-0.4328851407122058,2.641204931857504,
1016,-0.4466957382319352,2.63315252295891,
1017,-0.4407416696183826,2.5457134325420174,
1018,-0.38627982165172076,2.454035012231721,
1019,-0.4056865308283218,2.417746923589062,
1020,-0.44001654190251893,2.489666172152079,
1021,-0.47661856320817314,2.510121042699926,
1022,-0.5519235695186485,2.4951479361437405,
1023,-0.4978848892001047,2.5062888189529353,
1024,-0.4927449691544165,2.4813688690712703,
1025,-0.46487396375532125,2.537637378449355,
1026,-0.4439983476347066,2.5515420322518523,
1027,-0.528844274185994,2.553300016429995,
1028,-0.6563708119204712,2.550158954179852,
1029,-0.620540193027963,2.527462024940867,
1030,-0.6213737579070961,2.5599962715162095,
1031,-0.6444138970173701,2.5470866389442133,
1032,-0.6324040576308847,2.588891933317134,
1033,-0.6345146528187277,2.6069361708025824,
1034,-0.6372496463411114,2.6192781782375265,
1035,-0.621622275684155,2.350058483449159,
1036,-0.5816691072369137,2.211871262052428,
1037,-0.5587533192430996,,
1038,-0.5814773438250632,,
1039,-0.5352660923899312,,
1040,-0.5190035258612499,,
1041,-0.4747117556522161,,
1042,-0.497625475595639,,
1043,-0.48346919020492557,,
1044,-0.4432887305968613,,
1045,-0.41084121921820915,,
1046,-0.4211564054646275,,
1047,-0.4141998837254971,,
1048,-0.41363073176192283,,
1049,-0.37279364412931126,,
1050,-0.40265084880261287,,
1051,-0.3951826982681276,,
1052,-0.33689597468849847,,
1053,-0.3289369070364234,,
1054,-0.3219796445062516,,
1055,-0.32012647273148326,,
1056,-0.3090895862952358,,
1057,-0.28731503437700145,,
1058,-0.2507546365998736,,
1059,-0.28220492725421853,,
1060,-0.3021107166479277,,
1061,-0.305320521141654,,
1062,-0.2788474212270511,,
1063,-0.2845744780785667,,
1064,-0.23270784940943018,,
1065,-0.20584834527719878,,
1066,-0.2517279478487943,,
1067,-0.17846466705486552,,
1068,-0.17846466705486552,,
1069,-0.13790522649542497,,
1070,-0.10123324504883852,,
1071,-0.04350905514680385,,
1072,-0.01222216022354529,,
1073,-0.008473601976717145,,
1074,0.006565134161821515,,
1075,-0.01032041930909781,,
1076,0.09472220458918278,,
1077,0.030280317362485418,,
1078,-0.04228605431893051,,
1079,-0.1485662475556455,,
1080,-0.20374071817896788,,
1081,-0.16863211954760818,,
1082,-0.13103595174386307,,
1083,-0.08316123138592124,,
1084,-0.24241351366385197,,
1085,-0.43534093416862885,,
